-- MySQL dump 10.13  Distrib 5.7.27, for Linux (x86_64)
--
-- Host: localhost    Database: limes_development
-- ------------------------------------------------------
-- Server version	5.7.27-0ubuntu0.16.04.1

/*!40101 SET @OLD_CHARACTER_SET_CLIENT=@@CHARACTER_SET_CLIENT */;
/*!40101 SET @OLD_CHARACTER_SET_RESULTS=@@CHARACTER_SET_RESULTS */;
/*!40101 SET @OLD_COLLATION_CONNECTION=@@COLLATION_CONNECTION */;
/*!40101 SET NAMES utf8 */;
/*!40103 SET @OLD_TIME_ZONE=@@TIME_ZONE */;
/*!40103 SET TIME_ZONE='+00:00' */;
/*!40014 SET @OLD_UNIQUE_CHECKS=@@UNIQUE_CHECKS, UNIQUE_CHECKS=0 */;
/*!40014 SET @OLD_FOREIGN_KEY_CHECKS=@@FOREIGN_KEY_CHECKS, FOREIGN_KEY_CHECKS=0 */;
/*!40101 SET @OLD_SQL_MODE=@@SQL_MODE, SQL_MODE='NO_AUTO_VALUE_ON_ZERO' */;
/*!40111 SET @OLD_SQL_NOTES=@@SQL_NOTES, SQL_NOTES=0 */;

--
-- Table structure for table `acces_sectors`
--

DROP TABLE IF EXISTS `acces_sectors`;
/*!40101 SET @saved_cs_client     = @@character_set_client */;
/*!40101 SET character_set_client = utf8 */;
CREATE TABLE `acces_sectors` (
  `id` bigint(20) NOT NULL AUTO_INCREMENT,
  `saccess_id` bigint(20) DEFAULT NULL,
  `sector_id` bigint(20) DEFAULT NULL,
  PRIMARY KEY (`id`),
  KEY `index_acces_sectors_on_saccess_id` (`saccess_id`),
  KEY `index_acces_sectors_on_sector_id` (`sector_id`),
  CONSTRAINT `fk_rails_8a3c00cad9` FOREIGN KEY (`sector_id`) REFERENCES `sectors` (`id`),
  CONSTRAINT `fk_rails_df29e64ccd` FOREIGN KEY (`saccess_id`) REFERENCES `saccesses` (`id`)
) ENGINE=InnoDB AUTO_INCREMENT=33 DEFAULT CHARSET=utf8;
/*!40101 SET character_set_client = @saved_cs_client */;

--
-- Dumping data for table `acces_sectors`
--

LOCK TABLES `acces_sectors` WRITE;
/*!40000 ALTER TABLE `acces_sectors` DISABLE KEYS */;
INSERT INTO `acces_sectors` VALUES (3,1,9),(4,1,18),(5,1,19),(6,1,20),(10,1,25),(12,1,27),(16,1,28),(18,1,32),(19,1,31),(20,2,22),(21,2,21),(22,2,23),(23,2,24),(24,2,30),(25,1,33),(26,2,34),(27,1,35),(28,2,36),(29,2,37),(30,2,38),(31,2,40),(32,2,41);
/*!40000 ALTER TABLE `acces_sectors` ENABLE KEYS */;
UNLOCK TABLES;

--
-- Table structure for table `ar_internal_metadata`
--

DROP TABLE IF EXISTS `ar_internal_metadata`;
/*!40101 SET @saved_cs_client     = @@character_set_client */;
/*!40101 SET character_set_client = utf8 */;
CREATE TABLE `ar_internal_metadata` (
  `key` varchar(255) NOT NULL,
  `value` varchar(255) DEFAULT NULL,
  `created_at` datetime NOT NULL,
  `updated_at` datetime NOT NULL,
  PRIMARY KEY (`key`)
) ENGINE=InnoDB DEFAULT CHARSET=utf8;
/*!40101 SET character_set_client = @saved_cs_client */;

--
-- Dumping data for table `ar_internal_metadata`
--

LOCK TABLES `ar_internal_metadata` WRITE;
/*!40000 ALTER TABLE `ar_internal_metadata` DISABLE KEYS */;
INSERT INTO `ar_internal_metadata` VALUES ('environment','development','2017-10-27 13:18:58','2019-02-07 08:32:20');
/*!40000 ALTER TABLE `ar_internal_metadata` ENABLE KEYS */;
UNLOCK TABLES;

--
-- Table structure for table `bibliographies`
--

DROP TABLE IF EXISTS `bibliographies`;
/*!40101 SET @saved_cs_client     = @@character_set_client */;
/*!40101 SET character_set_client = utf8 */;
CREATE TABLE `bibliographies` (
  `id` bigint(20) NOT NULL AUTO_INCREMENT,
  `abbreviation` varchar(255) DEFAULT NULL,
  `title` varchar(255) DEFAULT NULL,
  `created_at` datetime NOT NULL,
  `updated_at` datetime NOT NULL,
  PRIMARY KEY (`id`)
) ENGINE=InnoDB AUTO_INCREMENT=4 DEFAULT CHARSET=utf8;
/*!40101 SET character_set_client = @saved_cs_client */;

--
-- Dumping data for table `bibliographies`
--

LOCK TABLES `bibliographies` WRITE;
/*!40000 ALTER TABLE `bibliographies` DISABLE KEYS */;
INSERT INTO `bibliographies` VALUES (1,'Ferenczi–Petică 1982','','2017-11-15 13:37:26','2017-11-15 13:37:26'),(2,'Lazăr 1995','','2017-11-15 13:37:47','2017-11-15 13:37:47'),(3,'Roska 1942','','2017-11-15 13:38:09','2017-11-15 13:38:09');
/*!40000 ALTER TABLE `bibliographies` ENABLE KEYS */;
UNLOCK TABLES;

--
-- Table structure for table `components`
--

DROP TABLE IF EXISTS `components`;
/*!40101 SET @saved_cs_client     = @@character_set_client */;
/*!40101 SET character_set_client = utf8 */;
CREATE TABLE `components` (
  `id` bigint(20) NOT NULL AUTO_INCREMENT,
  `name` varchar(255) DEFAULT NULL,
  `created_at` datetime NOT NULL,
  `updated_at` datetime NOT NULL,
  PRIMARY KEY (`id`)
) ENGINE=InnoDB AUTO_INCREMENT=17 DEFAULT CHARSET=utf8;
/*!40101 SET character_set_client = @saved_cs_client */;

--
-- Dumping data for table `components`
--

LOCK TABLES `components` WRITE;
/*!40000 ALTER TABLE `components` DISABLE KEYS */;
INSERT INTO `components` VALUES (1,'Watchtower','2017-11-15 13:35:37','2018-05-25 13:13:42'),(2,'Fort','2018-03-04 19:49:24','2018-05-25 13:15:35'),(3,'Rampart','2018-05-25 13:11:00','2018-05-25 13:11:00'),(4,'Burgus ','2018-05-25 13:11:17','2018-05-25 13:13:25'),(5,'Earthwork','2018-05-25 13:18:26','2018-05-25 13:18:26'),(6,'Fortlet','2018-05-25 13:19:44','2018-05-25 13:19:44'),(7,'Legionary fortress','2018-05-25 13:20:22','2018-05-25 13:20:22'),(8,'Road','2018-05-25 13:20:58','2018-05-25 13:20:58'),(9,'Bridge or bridgehead','2018-05-25 13:22:12','2018-05-25 13:22:12'),(10,'Temporary camp','2018-05-25 13:22:30','2018-05-25 13:22:30'),(11,'Canabae legionis','2018-05-25 13:23:09','2018-05-25 13:23:09'),(12,'Military vicus','2018-05-25 13:23:28','2018-05-25 13:23:28'),(13,'Kiln','2018-05-25 13:25:04','2018-05-25 13:25:04'),(14,'Potteries','2018-05-25 13:25:25','2018-05-25 13:25:25'),(15,'Tileries','2018-05-25 13:26:01','2018-05-25 13:26:01'),(16,'Quarries','2018-05-25 13:26:32','2018-05-25 13:26:32');
/*!40000 ALTER TABLE `components` ENABLE KEYS */;
UNLOCK TABLES;

--
-- Table structure for table `coordinates`
--

DROP TABLE IF EXISTS `coordinates`;
/*!40101 SET @saved_cs_client     = @@character_set_client */;
/*!40101 SET character_set_client = utf8 */;
CREATE TABLE `coordinates` (
  `id` bigint(20) NOT NULL AUTO_INCREMENT,
  `sector_id` bigint(20) DEFAULT NULL,
  `x` decimal(15,10) DEFAULT NULL,
  `y` decimal(15,10) DEFAULT NULL,
  `height` decimal(10,0) DEFAULT NULL,
  `ctype` varchar(255) DEFAULT NULL,
  `created_at` datetime NOT NULL,
  `updated_at` datetime NOT NULL,
  `xstereo` decimal(15,10) DEFAULT NULL,
  `ystereo` decimal(15,10) DEFAULT NULL,
  `perimeter` varchar(255) DEFAULT NULL,
  `xdegree` decimal(15,10) NOT NULL DEFAULT '0.0000000000',
  `xmin` decimal(15,10) NOT NULL DEFAULT '0.0000000000',
  `xsec` decimal(15,10) NOT NULL DEFAULT '0.0000000000',
  `ydegree` decimal(15,10) NOT NULL DEFAULT '0.0000000000',
  `ymin` decimal(15,10) NOT NULL DEFAULT '0.0000000000',
  `ysec` decimal(15,10) NOT NULL DEFAULT '0.0000000000',
  PRIMARY KEY (`id`),
  KEY `fk_rails_c21f8410af` (`sector_id`),
  CONSTRAINT `fk_rails_c21f8410af` FOREIGN KEY (`sector_id`) REFERENCES `sectors` (`id`)
) ENGINE=InnoDB AUTO_INCREMENT=144 DEFAULT CHARSET=utf8;
/*!40101 SET character_set_client = @saved_cs_client */;

--
-- Dumping data for table `coordinates`
--

LOCK TABLES `coordinates` WRITE;
/*!40000 ALTER TABLE `coordinates` DISABLE KEYS */;
INSERT INTO `coordinates` VALUES (13,9,45.0796111111,21.5518055556,NULL,'centre','2018-02-24 13:04:24','2018-02-24 13:04:24',NULL,NULL,NULL,45.0000000000,4.0000000000,46.6000000000,21.0000000000,33.0000000000,6.5000000000),(14,17,45.0916666667,26.0130555556,NULL,'centre','2018-02-24 13:18:00','2018-02-24 13:18:00',NULL,NULL,NULL,45.0000000000,5.0000000000,30.0000000000,26.0000000000,0.0000000000,47.0000000000),(15,18,47.1932666667,23.1812583333,NULL,'centre','2018-05-25 09:40:01','2018-05-30 13:08:13',NULL,NULL,NULL,47.0000000000,11.0000000000,36.7700000000,23.0000000000,10.0000000000,52.8400000000),(16,18,47.1933638889,23.1805000000,NULL,'perimeter','2018-05-25 09:47:41','2018-05-25 10:08:10',NULL,NULL,NULL,47.0000000000,11.0000000000,36.1100000000,23.0000000000,10.0000000000,49.8000000000),(17,18,47.1938305556,23.1804388889,NULL,'perimeter','2018-05-25 09:52:36','2018-05-30 13:11:30',NULL,NULL,NULL,47.0000000000,11.0000000000,37.7900000000,23.0000000000,10.0000000000,49.5800000000),(19,18,47.1936722222,23.1814444444,NULL,'perimeter','2018-05-25 11:39:11','2018-05-30 13:12:50',NULL,NULL,NULL,47.0000000000,11.0000000000,38.2100000000,23.0000000000,10.0000000000,52.2100000000),(20,18,47.1934833333,23.1813277778,NULL,'perimeter','2018-05-25 11:40:28','2018-05-25 11:40:28',NULL,NULL,NULL,47.0000000000,11.0000000000,36.5400000000,23.0000000000,10.0000000000,52.7800000000),(21,19,47.1988638889,23.1811250000,NULL,'centre','2018-05-25 15:08:31','2018-05-30 13:14:49',NULL,NULL,NULL,47.0000000000,11.0000000000,55.7600000000,23.0000000000,10.0000000000,52.0500000000),(22,20,47.1959861111,23.1104055556,NULL,'centre','2018-05-25 15:24:11','2018-05-30 13:23:52',NULL,NULL,NULL,47.0000000000,13.0000000000,0.4200000000,23.0000000000,8.0000000000,3.7600000000),(23,21,47.1959916667,23.1104111111,NULL,'centre','2018-05-25 15:28:51','2018-05-30 13:25:37',NULL,NULL,NULL,47.0000000000,11.0000000000,45.5400000000,23.0000000000,6.0000000000,37.5300000000),(24,19,47.2095361111,23.1911194444,NULL,'perimeter','2018-05-29 14:56:11','2018-05-30 13:30:23',NULL,NULL,NULL,47.0000000000,11.0000000000,56.4100000000,23.0000000000,10.0000000000,50.9600000000),(25,19,47.2094388889,23.1902611111,NULL,'perimeter','2018-05-29 14:59:17','2018-05-30 13:31:55',NULL,NULL,NULL,47.0000000000,11.0000000000,56.5400000000,23.0000000000,10.0000000000,53.0700000000),(26,19,47.2088111111,23.1903166667,NULL,'perimeter','2018-05-29 15:01:35','2018-05-30 13:33:17',NULL,NULL,NULL,47.0000000000,11.0000000000,55.2300000000,23.0000000000,10.0000000000,53.4100000000),(27,19,47.2089388889,23.1912555556,NULL,'perimeter','2018-05-29 15:04:11','2018-05-30 13:34:18',NULL,NULL,NULL,47.0000000000,11.0000000000,55.1000000000,23.0000000000,10.0000000000,51.1000000000),(28,20,47.2266027778,23.1428416667,NULL,'perimeter','2018-05-29 18:17:18','2018-05-30 13:35:39',NULL,NULL,NULL,47.0000000000,12.0000000000,57.4600000000,23.0000000000,7.0000000000,56.5400000000),(29,20,47.2165444444,23.1335555556,NULL,'perimeter','2018-05-29 18:24:41','2018-05-29 18:27:38',NULL,NULL,NULL,47.0000000000,12.0000000000,59.7400000000,23.0000000000,8.0000000000,0.2600000000),(30,20,47.2171027778,23.1345583333,NULL,'perimeter','2018-05-29 18:28:53','2018-05-29 18:28:53',NULL,NULL,NULL,47.0000000000,13.0000000000,1.5700000000,23.0000000000,8.0000000000,4.4100000000),(31,20,47.2175333333,23.1359027778,NULL,'perimeter','2018-05-29 18:34:10','2018-05-29 18:34:40',NULL,NULL,NULL,47.0000000000,13.0000000000,3.1200000000,23.0000000000,8.0000000000,9.1400000000),(32,20,47.2178388889,23.1364861111,NULL,'perimeter','2018-05-29 18:36:21','2018-05-29 18:36:21',NULL,NULL,NULL,47.0000000000,13.0000000000,4.2200000000,23.0000000000,8.0000000000,11.3500000000),(33,20,47.2181444444,23.1369277778,NULL,'perimeter','2018-05-29 18:38:06','2018-05-29 18:38:06',NULL,NULL,NULL,47.0000000000,13.0000000000,5.3200000000,23.0000000000,8.0000000000,12.9400000000),(34,20,47.2183472222,23.1371666667,NULL,'perimeter','2018-05-29 18:41:48','2018-05-29 18:41:48',NULL,NULL,NULL,47.0000000000,13.0000000000,6.0500000000,23.0000000000,8.0000000000,13.8000000000),(35,20,47.2185694444,23.1373750000,NULL,'perimeter','2018-05-29 18:43:36','2018-05-29 18:43:36',NULL,NULL,NULL,47.0000000000,13.0000000000,6.8500000000,23.0000000000,8.0000000000,14.5500000000),(36,20,47.2188111111,23.1376222222,NULL,'perimeter','2018-05-29 18:45:33','2018-05-29 18:45:33',NULL,NULL,NULL,47.0000000000,13.0000000000,7.7200000000,23.0000000000,8.0000000000,15.4400000000),(37,20,47.2192388889,23.1377861111,NULL,'perimeter','2018-05-29 18:47:23','2018-05-29 18:47:23',NULL,NULL,NULL,47.0000000000,13.0000000000,9.2600000000,23.0000000000,8.0000000000,16.0300000000),(38,20,47.2192388889,23.1377861111,NULL,'perimeter','2018-05-29 18:53:41','2018-05-29 18:55:38',NULL,NULL,NULL,47.0000000000,13.0000000000,11.4800000000,23.0000000000,8.0000000000,17.6800000000),(39,20,47.2201055556,23.1386333333,NULL,'perimeter','2018-05-29 18:57:32','2018-05-29 18:57:32',NULL,NULL,NULL,47.0000000000,13.0000000000,12.3800000000,23.0000000000,8.0000000000,19.0800000000),(40,20,47.2208138889,23.1397777778,NULL,'perimeter','2018-05-29 18:59:17','2018-05-29 18:59:17',NULL,NULL,NULL,47.0000000000,13.0000000000,14.9300000000,23.0000000000,8.0000000000,23.2000000000),(41,20,47.2210194444,23.1402444444,NULL,'perimeter','2018-05-29 19:04:10','2018-05-29 19:04:10',NULL,NULL,NULL,47.0000000000,13.0000000000,15.6700000000,23.0000000000,8.0000000000,24.8800000000),(42,21,47.1960055556,23.1099861111,NULL,'perimeter','2018-05-29 19:14:03','2018-05-29 19:14:03',NULL,NULL,NULL,47.0000000000,11.0000000000,45.6200000000,23.0000000000,6.0000000000,35.9500000000),(43,21,47.1959555556,23.1100805556,NULL,'perimeter','2018-05-29 19:16:00','2018-05-29 19:16:00',NULL,NULL,NULL,47.0000000000,11.0000000000,45.4400000000,23.0000000000,6.0000000000,36.2900000000),(44,21,47.1960027778,23.1101388889,NULL,'perimeter','2018-05-29 19:17:32','2018-05-29 19:17:32',NULL,NULL,NULL,47.0000000000,11.0000000000,45.6100000000,23.0000000000,6.0000000000,36.5000000000),(45,21,47.1960472222,23.1089611111,NULL,'perimeter','2018-05-29 19:18:46','2018-05-29 19:18:46',NULL,NULL,NULL,47.0000000000,11.0000000000,45.7700000000,23.0000000000,6.0000000000,32.2600000000),(46,22,47.1069722222,23.1724861111,NULL,'centre','2018-05-30 11:42:13','2018-05-30 11:42:13',NULL,NULL,NULL,47.0000000000,6.0000000000,25.1000000000,23.0000000000,10.0000000000,20.9500000000),(47,22,47.1077472222,23.1736555556,NULL,'perimeter','2018-05-30 11:43:32','2018-05-30 11:43:32',NULL,NULL,NULL,47.0000000000,6.0000000000,27.8900000000,23.0000000000,10.0000000000,25.1600000000),(48,22,47.1078527778,23.1712083333,NULL,'perimeter','2018-05-30 11:51:12','2018-05-30 11:51:12',NULL,NULL,NULL,47.0000000000,6.0000000000,28.2700000000,23.0000000000,10.0000000000,16.3500000000),(49,22,47.1061916667,23.1708277778,NULL,'perimeter','2018-05-30 11:52:31','2018-05-30 11:52:31',NULL,NULL,NULL,47.0000000000,6.0000000000,22.2900000000,23.0000000000,10.0000000000,14.9800000000),(50,22,47.1061250000,23.1731222222,NULL,'perimeter','2018-05-30 11:54:05','2018-05-30 11:54:05',NULL,NULL,NULL,47.0000000000,6.0000000000,22.0500000000,23.0000000000,10.0000000000,23.2400000000),(51,23,47.3061694444,24.3601527778,NULL,'centre','2018-05-30 12:08:27','2018-05-30 12:08:27',NULL,NULL,NULL,47.0000000000,18.0000000000,22.2100000000,24.0000000000,21.0000000000,36.5500000000),(52,23,47.3063166667,24.3600222222,NULL,'perimeter','2018-05-30 12:16:38','2018-05-30 12:16:38',NULL,NULL,NULL,47.0000000000,18.0000000000,22.7400000000,24.0000000000,21.0000000000,36.0800000000),(53,23,47.3062888889,24.3603138889,NULL,'perimeter','2018-05-30 12:24:06','2018-05-30 12:24:06',NULL,NULL,NULL,47.0000000000,18.0000000000,22.6400000000,24.0000000000,21.0000000000,37.1300000000),(54,23,47.3060250000,24.3602277778,NULL,'perimeter','2018-05-30 13:49:49','2018-05-30 13:49:49',NULL,NULL,NULL,47.0000000000,18.0000000000,21.6900000000,24.0000000000,21.0000000000,36.8200000000),(55,23,47.3060583333,24.3599222222,NULL,'perimeter','2018-05-30 13:55:58','2018-05-30 13:55:58',NULL,NULL,NULL,47.0000000000,18.0000000000,21.8100000000,24.0000000000,21.0000000000,35.7200000000),(56,23,47.3060583333,24.3599222222,NULL,'perimeter','2018-05-30 13:59:43','2018-05-30 13:59:43',NULL,NULL,NULL,47.0000000000,18.0000000000,21.8100000000,24.0000000000,21.0000000000,35.7200000000),(57,24,46.8857777778,22.8850750000,NULL,'centre','2018-05-30 14:10:18','2018-05-30 14:10:18',NULL,NULL,NULL,46.0000000000,53.0000000000,8.8000000000,22.0000000000,53.0000000000,6.2700000000),(58,24,46.8865138889,22.8832888889,NULL,'perimeter','2018-05-30 14:14:15','2018-05-30 14:14:15',NULL,NULL,NULL,46.0000000000,53.0000000000,11.4500000000,22.0000000000,52.0000000000,59.8400000000),(59,24,46.8866722222,22.8849472222,NULL,'perimeter','2018-05-30 14:15:35','2018-05-30 14:15:35',NULL,NULL,NULL,46.0000000000,53.0000000000,12.0200000000,22.0000000000,53.0000000000,5.8100000000),(60,24,46.8848500000,22.8854750000,NULL,'perimeter','2018-05-30 14:18:41','2018-05-30 14:18:41',NULL,NULL,NULL,46.0000000000,53.0000000000,5.4600000000,22.0000000000,53.0000000000,7.7100000000),(61,24,46.8846472222,22.8836333333,NULL,'perimeter','2018-05-30 14:20:35','2018-05-30 14:20:35',NULL,NULL,NULL,46.0000000000,53.0000000000,4.7300000000,22.0000000000,53.0000000000,1.0800000000),(62,25,46.9111555556,22.8686888889,NULL,'centre','2018-05-30 14:30:23','2018-05-30 14:30:23',NULL,NULL,NULL,46.0000000000,54.0000000000,40.1600000000,22.0000000000,52.0000000000,7.2800000000),(63,25,46.9111388889,22.8687694444,NULL,'perimeter','2018-05-30 14:32:18','2018-05-30 14:32:18',NULL,NULL,NULL,46.0000000000,54.0000000000,40.1000000000,22.0000000000,52.0000000000,7.5700000000),(64,25,46.9111972222,22.8687500000,NULL,'perimeter','2018-05-30 14:35:27','2018-05-30 14:35:27',NULL,NULL,NULL,46.0000000000,54.0000000000,40.3100000000,22.0000000000,52.0000000000,7.5000000000),(65,25,46.9111750000,22.8686305556,NULL,'perimeter','2018-05-30 14:37:06','2018-05-30 14:37:06',NULL,NULL,NULL,46.0000000000,54.0000000000,40.2300000000,22.0000000000,52.0000000000,7.0700000000),(66,25,46.9111083333,22.8686638889,NULL,'perimeter','2018-05-30 14:40:04','2018-05-30 14:40:04',NULL,NULL,NULL,46.0000000000,54.0000000000,39.9900000000,22.0000000000,52.0000000000,7.1900000000),(67,26,46.9114166667,22.8706944444,NULL,'centre','2018-05-30 14:58:47','2018-05-30 14:58:47',NULL,NULL,NULL,46.0000000000,54.0000000000,41.1000000000,22.0000000000,52.0000000000,14.5000000000),(68,27,46.9103972222,22.8724611111,NULL,'perimeter','2018-05-30 15:09:31','2018-05-30 15:09:31',NULL,NULL,NULL,46.0000000000,54.0000000000,37.4300000000,22.0000000000,52.0000000000,20.8600000000),(69,27,46.9103527778,22.8725527778,NULL,'perimeter','2018-05-30 15:11:55','2018-05-30 15:11:55',NULL,NULL,NULL,46.0000000000,54.0000000000,37.2700000000,22.0000000000,52.0000000000,21.1900000000),(70,27,46.9102972222,22.8724694444,NULL,'perimeter','2018-05-30 15:14:40','2018-05-30 15:14:40',NULL,NULL,NULL,46.0000000000,54.0000000000,37.0700000000,22.0000000000,52.0000000000,20.8900000000),(71,27,46.9103416667,22.8723750000,NULL,'perimeter','2018-05-30 15:17:34','2018-05-30 15:17:34',NULL,NULL,NULL,46.0000000000,54.0000000000,37.2300000000,22.0000000000,52.0000000000,20.5500000000),(72,27,46.9102277778,22.8724250000,NULL,'centre','2018-05-30 15:21:33','2018-05-30 15:21:33',NULL,NULL,NULL,46.0000000000,54.0000000000,36.8200000000,22.0000000000,52.0000000000,20.7300000000),(73,28,46.9122055556,22.8655500000,NULL,'perimeter','2018-05-30 15:27:10','2018-05-30 15:27:10',NULL,NULL,NULL,46.0000000000,54.0000000000,43.9400000000,22.0000000000,51.0000000000,55.9800000000),(74,28,46.9122500000,22.8656250000,NULL,'perimeter','2018-05-30 15:29:22','2018-05-30 15:29:22',NULL,NULL,NULL,46.0000000000,54.0000000000,44.1000000000,22.0000000000,51.0000000000,56.2500000000),(75,28,46.9116416667,22.8666666667,NULL,'perimeter','2018-05-30 15:31:17','2018-05-30 15:31:17',NULL,NULL,NULL,46.0000000000,54.0000000000,41.9100000000,22.0000000000,52.0000000000,0.0000000000),(76,28,46.9113944444,22.8675472222,NULL,'perimeter','2018-05-30 15:33:39','2018-05-30 15:33:39',NULL,NULL,NULL,46.0000000000,54.0000000000,41.0200000000,22.0000000000,52.0000000000,3.1700000000),(77,28,46.9115305556,22.8675833333,NULL,'perimeter','2018-05-30 15:35:34','2018-05-30 15:35:34',NULL,NULL,NULL,46.0000000000,54.0000000000,41.5100000000,22.0000000000,52.0000000000,3.3000000000),(78,28,46.9125000000,22.8659444444,NULL,'centre','2018-05-30 16:03:49','2018-05-30 16:03:49',NULL,NULL,NULL,46.0000000000,54.0000000000,45.0000000000,22.0000000000,51.0000000000,57.4000000000),(79,29,47.3315000000,23.5374166667,NULL,'centre','2018-05-30 16:19:04','2018-05-30 16:19:04',NULL,NULL,NULL,47.0000000000,19.0000000000,53.4000000000,23.0000000000,32.0000000000,14.7000000000),(80,30,47.1553666667,23.2149083333,NULL,'centre','2018-05-30 16:28:13','2018-05-30 16:28:13',NULL,NULL,NULL,47.0000000000,9.0000000000,19.3200000000,23.0000000000,12.0000000000,53.6700000000),(81,30,47.1558833333,23.2168222222,NULL,'perimeter','2018-05-30 16:31:47','2018-05-30 16:31:47',NULL,NULL,NULL,47.0000000000,9.0000000000,21.1800000000,23.0000000000,13.0000000000,0.5600000000),(82,30,47.1540194444,23.2148888889,NULL,'perimeter','2018-05-30 16:38:34','2018-05-30 16:38:34',NULL,NULL,NULL,47.0000000000,9.0000000000,14.4700000000,23.0000000000,12.0000000000,53.6000000000),(83,30,47.1549222222,23.2124500000,NULL,'perimeter','2018-05-30 16:40:27','2018-05-30 16:40:27',NULL,NULL,NULL,47.0000000000,9.0000000000,17.7200000000,23.0000000000,12.0000000000,44.8200000000),(84,30,47.1566222222,23.2141194444,NULL,'perimeter','2018-05-30 16:42:35','2018-05-30 16:42:35',NULL,NULL,NULL,47.0000000000,9.0000000000,23.8400000000,23.0000000000,12.0000000000,50.8300000000),(85,31,47.1862222222,23.8376388889,NULL,'centre','2018-05-30 16:56:07','2018-05-30 16:56:07',NULL,NULL,NULL,47.0000000000,11.0000000000,10.4000000000,23.0000000000,50.0000000000,15.5000000000),(86,31,47.1851777778,23.8371972222,NULL,'perimeter','2018-05-30 16:58:43','2018-05-30 16:58:43',NULL,NULL,NULL,47.0000000000,11.0000000000,6.6400000000,23.0000000000,50.0000000000,13.9100000000),(87,31,47.1861250000,23.8390250000,NULL,'perimeter','2018-05-30 17:01:08','2018-05-30 17:01:08',NULL,NULL,NULL,47.0000000000,11.0000000000,10.0500000000,23.0000000000,50.0000000000,20.4900000000),(88,31,47.1874361111,23.8374361111,NULL,'perimeter','2018-05-30 17:06:16','2018-05-30 17:06:16',NULL,NULL,NULL,47.0000000000,11.0000000000,14.7700000000,23.0000000000,50.0000000000,14.7700000000),(89,31,47.1865833333,23.8356750000,NULL,'perimeter','2018-05-30 17:09:46','2018-05-30 17:09:46',NULL,NULL,NULL,47.0000000000,11.0000000000,11.7000000000,23.0000000000,50.0000000000,8.4300000000),(90,32,47.2104166667,24.0958333333,NULL,'centre','2018-05-30 17:16:36','2018-05-30 17:16:36',NULL,NULL,NULL,47.0000000000,12.0000000000,37.5000000000,24.0000000000,5.0000000000,45.0000000000),(91,32,47.2112750000,24.0935472222,NULL,'perimeter','2018-05-30 17:23:54','2018-05-30 17:23:54',NULL,NULL,NULL,47.0000000000,12.0000000000,40.5900000000,24.0000000000,5.0000000000,36.7700000000),(93,32,47.2117166667,24.0956777778,NULL,'perimeter','2018-05-30 17:32:55','2018-05-30 17:32:55',NULL,NULL,NULL,47.0000000000,12.0000000000,42.1800000000,24.0000000000,5.0000000000,44.4400000000),(94,32,47.2102527778,24.0963416667,NULL,'perimeter','2018-05-30 17:36:11','2018-05-30 17:36:11',NULL,NULL,NULL,47.0000000000,12.0000000000,36.9100000000,24.0000000000,5.0000000000,46.8300000000),(95,32,47.2097055556,24.0941388889,NULL,'perimeter','2018-05-30 17:39:03','2018-05-30 17:39:03',NULL,NULL,NULL,47.0000000000,12.0000000000,34.9400000000,24.0000000000,5.0000000000,38.9000000000),(96,33,46.9845277778,22.9161666667,NULL,'centre','2018-05-30 17:53:38','2018-05-30 17:53:38',NULL,NULL,NULL,46.0000000000,59.0000000000,4.3000000000,22.0000000000,54.0000000000,58.2000000000),(97,33,46.9847055556,22.9149750000,NULL,'perimeter','2018-05-30 17:56:52','2018-05-30 17:56:52',NULL,NULL,NULL,46.0000000000,59.0000000000,4.9400000000,22.0000000000,54.0000000000,53.9100000000),(98,33,46.9847055556,22.9149750000,NULL,'perimeter','2018-05-30 18:01:13','2018-05-30 18:06:30',NULL,NULL,NULL,46.0000000000,59.0000000000,4.4500000000,22.0000000000,54.0000000000,53.2600000000),(99,33,46.9844305556,22.9150305556,NULL,'perimeter','2018-05-30 18:08:14','2018-05-30 18:08:14',NULL,NULL,NULL,46.0000000000,59.0000000000,3.9500000000,22.0000000000,54.0000000000,54.1100000000),(100,33,46.9845750000,22.9152083333,NULL,'perimeter','2018-05-30 18:10:32','2018-05-30 18:10:32',NULL,NULL,NULL,46.0000000000,59.0000000000,4.4700000000,22.0000000000,54.0000000000,54.7500000000),(101,33,46.9847055556,22.9149750000,NULL,'perimeter','2018-05-30 18:12:42','2018-05-30 18:12:42',NULL,NULL,NULL,46.0000000000,59.0000000000,4.9400000000,22.0000000000,54.0000000000,53.9100000000),(102,34,47.2247777778,23.2320277778,NULL,'centre','2018-05-30 18:18:50','2018-05-30 18:18:50',NULL,NULL,NULL,47.0000000000,13.0000000000,29.2000000000,23.0000000000,13.0000000000,55.3000000000),(106,35,47.2425305556,23.3352750000,NULL,'centre','2018-06-01 13:30:13','2018-06-01 13:30:13',NULL,NULL,NULL,47.0000000000,14.0000000000,33.1100000000,23.0000000000,20.0000000000,6.9900000000),(107,35,47.2424694444,23.3361833333,NULL,'perimeter','2018-06-01 13:33:24','2018-06-01 13:33:24',NULL,NULL,NULL,47.0000000000,14.0000000000,32.8900000000,23.0000000000,20.0000000000,10.2600000000),(108,35,47.2415805556,23.3350305556,NULL,'perimeter','2018-06-01 13:35:37','2018-06-01 13:35:37',NULL,NULL,NULL,47.0000000000,14.0000000000,29.6900000000,23.0000000000,20.0000000000,6.1100000000),(109,35,47.2423333333,23.3339027778,NULL,'perimeter','2018-06-01 13:37:38','2018-06-01 13:37:38',NULL,NULL,NULL,47.0000000000,14.0000000000,32.4000000000,23.0000000000,20.0000000000,2.0500000000),(110,35,47.2431305556,23.3349805556,NULL,'perimeter','2018-06-01 13:40:22','2018-06-01 13:40:22',NULL,NULL,NULL,47.0000000000,14.0000000000,35.2700000000,23.0000000000,20.0000000000,5.9300000000),(111,36,47.3427500000,23.5795277778,NULL,'centre','2018-06-01 13:50:12','2018-06-01 13:50:12',NULL,NULL,NULL,47.0000000000,20.0000000000,33.9000000000,23.0000000000,34.0000000000,46.3000000000),(112,36,47.3428250000,23.5792416667,NULL,'perimeter','2018-06-01 13:55:55','2018-06-01 13:55:55',NULL,NULL,NULL,47.0000000000,20.0000000000,34.1700000000,23.0000000000,34.0000000000,45.2700000000),(113,36,47.3427777778,23.5793416667,NULL,'perimeter','2018-06-01 13:57:30','2018-06-01 13:57:30',NULL,NULL,NULL,47.0000000000,20.0000000000,34.0000000000,23.0000000000,34.0000000000,45.6300000000),(114,36,47.3427194444,23.5792305556,NULL,'perimeter','2018-06-01 13:58:50','2018-06-01 13:58:50',NULL,NULL,NULL,47.0000000000,20.0000000000,33.7900000000,23.0000000000,34.0000000000,45.2300000000),(115,36,47.3427916667,23.5791583333,NULL,'perimeter','2018-06-01 14:01:13','2018-06-01 14:01:13',NULL,NULL,NULL,47.0000000000,20.0000000000,34.0500000000,23.0000000000,34.0000000000,44.9700000000),(116,37,47.3184166667,23.5967777778,NULL,'centre','2018-06-01 14:03:19','2018-06-01 14:03:19',NULL,NULL,NULL,47.0000000000,19.0000000000,6.3000000000,23.0000000000,35.0000000000,48.4000000000),(117,37,47.3187527778,23.5969833333,NULL,'perimeter','2018-06-01 15:12:03','2018-06-01 15:12:03',NULL,NULL,NULL,47.0000000000,19.0000000000,7.5100000000,23.0000000000,35.0000000000,49.1400000000),(118,37,47.3186611111,23.5962500000,NULL,'perimeter','2018-06-01 15:13:56','2018-06-01 15:13:56',NULL,NULL,NULL,47.0000000000,19.0000000000,7.1800000000,23.0000000000,35.0000000000,46.5000000000),(119,37,47.3182777778,23.5963416667,NULL,'perimeter','2018-06-01 15:18:05','2018-06-01 15:18:05',NULL,NULL,NULL,47.0000000000,19.0000000000,5.8000000000,23.0000000000,35.0000000000,46.8300000000),(120,37,47.3183777778,23.5970944444,NULL,'perimeter','2018-06-01 15:20:11','2018-06-01 15:20:11',NULL,NULL,NULL,47.0000000000,19.0000000000,6.1600000000,23.0000000000,35.0000000000,49.5400000000),(121,38,47.2585277778,23.7705555556,NULL,'centre','2018-06-01 15:23:05','2018-06-01 15:23:05',NULL,NULL,NULL,47.0000000000,15.0000000000,30.7000000000,23.0000000000,46.0000000000,14.0000000000),(122,38,47.2641805556,23.7726388889,NULL,'perimeter','2018-06-01 15:33:41','2018-06-01 15:33:41',NULL,NULL,NULL,47.0000000000,15.0000000000,51.0500000000,23.0000000000,46.0000000000,21.5000000000),(123,38,47.2641861111,23.7726000000,NULL,'perimeter','2018-06-01 15:36:42','2018-06-01 15:36:42',NULL,NULL,NULL,47.0000000000,15.0000000000,51.0700000000,23.0000000000,46.0000000000,21.3600000000),(124,38,47.2642138889,23.7726055556,NULL,'perimeter','2018-06-01 15:39:39','2018-06-01 15:39:39',NULL,NULL,NULL,47.0000000000,15.0000000000,51.1700000000,23.0000000000,46.0000000000,21.3800000000),(125,38,47.2642055556,23.7726444444,NULL,'perimeter','2018-06-01 15:43:25','2018-06-01 15:43:25',NULL,NULL,NULL,47.0000000000,15.0000000000,51.1400000000,23.0000000000,46.0000000000,21.5200000000),(126,38,47.2641805556,23.7726388889,NULL,'perimeter','2018-06-01 15:45:31','2018-06-01 15:45:31',NULL,NULL,NULL,47.0000000000,15.0000000000,51.0500000000,23.0000000000,46.0000000000,21.5000000000),(127,39,47.2643055556,23.7900833333,NULL,'centre','2018-06-01 15:50:21','2018-06-01 15:50:21',NULL,NULL,NULL,47.0000000000,15.0000000000,51.5000000000,23.0000000000,47.0000000000,24.3000000000),(128,39,47.2644111111,23.7895388889,NULL,'perimeter','2018-06-01 15:55:53','2018-06-01 15:55:53',NULL,NULL,NULL,47.0000000000,15.0000000000,51.8800000000,23.0000000000,47.0000000000,22.3400000000),(129,39,47.2643861111,23.7897055556,NULL,'perimeter','2018-06-01 16:10:30','2018-06-01 16:10:30',NULL,NULL,NULL,47.0000000000,15.0000000000,51.7900000000,23.0000000000,47.0000000000,22.9400000000),(130,39,47.2642750000,23.7896416667,NULL,'perimeter','2018-06-01 16:12:52','2018-06-01 16:12:52',NULL,NULL,NULL,47.0000000000,15.0000000000,51.3900000000,23.0000000000,47.0000000000,22.7100000000),(131,39,47.2643000000,23.7894888889,NULL,'perimeter','2018-06-01 16:15:32','2018-06-01 16:15:32',NULL,NULL,NULL,47.0000000000,15.0000000000,51.4800000000,23.0000000000,47.0000000000,22.1600000000),(132,39,47.2644111111,23.7895388889,NULL,'perimeter','2018-06-01 16:17:41','2018-06-01 16:17:41',NULL,NULL,NULL,47.0000000000,15.0000000000,51.8800000000,23.0000000000,47.0000000000,22.3400000000),(133,40,47.3239444444,24.2020277778,NULL,'centre','2018-06-01 16:23:26','2018-06-01 16:23:26',NULL,NULL,NULL,47.0000000000,19.0000000000,26.2000000000,24.0000000000,12.0000000000,7.3000000000),(134,40,47.3234444444,24.2016944444,NULL,'perimeter','2018-06-01 16:26:47','2018-06-01 16:26:47',NULL,NULL,NULL,47.0000000000,19.0000000000,24.4000000000,24.0000000000,12.0000000000,6.1000000000),(135,40,47.3239277778,24.2015944444,NULL,'perimeter','2018-06-01 16:29:59','2018-06-01 16:29:59',NULL,NULL,NULL,47.0000000000,19.0000000000,26.1400000000,24.0000000000,12.0000000000,5.7400000000),(136,40,47.3239944444,24.2014694444,NULL,'perimeter','2018-06-01 16:32:11','2018-06-01 16:32:11',NULL,NULL,NULL,47.0000000000,19.0000000000,26.3800000000,24.0000000000,12.0000000000,5.2900000000),(137,40,47.3240694444,24.2015694444,NULL,'perimeter','2018-06-01 16:34:23','2018-06-01 16:34:23',NULL,NULL,NULL,47.0000000000,19.0000000000,26.6500000000,24.0000000000,12.0000000000,5.6500000000),(138,41,47.1839722222,24.5753055556,NULL,'centre','2018-06-01 16:53:59','2018-06-01 16:53:59',NULL,NULL,NULL,47.0000000000,11.0000000000,2.3000000000,24.0000000000,34.0000000000,31.1000000000),(139,41,47.1851500000,24.5728861111,NULL,'perimeter','2018-06-01 16:58:29','2018-06-01 16:58:29',NULL,NULL,NULL,47.0000000000,11.0000000000,6.5400000000,24.0000000000,34.0000000000,22.3900000000),(140,41,47.1854888889,24.5739194444,NULL,'perimeter','2018-06-01 17:03:54','2018-06-01 17:03:54',NULL,NULL,NULL,47.0000000000,11.0000000000,7.7600000000,24.0000000000,34.0000000000,26.1100000000),(141,41,47.1846611111,24.5744138889,NULL,'perimeter','2018-06-01 17:05:45','2018-06-01 17:05:45',NULL,NULL,NULL,47.0000000000,11.0000000000,4.7800000000,24.0000000000,34.0000000000,27.8900000000),(142,41,47.1843972222,24.5732777778,NULL,'perimeter','2018-06-01 17:07:08','2018-06-01 17:07:08',NULL,NULL,NULL,47.0000000000,11.0000000000,3.8300000000,24.0000000000,34.0000000000,23.8000000000),(143,18,47.1884166667,24.5763833333,NULL,'limit','2018-06-01 17:27:08','2018-06-01 17:27:08',NULL,NULL,NULL,47.0000000000,11.0000000000,18.3000000000,24.0000000000,34.0000000000,34.9800000000);
/*!40000 ALTER TABLE `coordinates` ENABLE KEYS */;
UNLOCK TABLES;

--
-- Table structure for table `counties`
--

DROP TABLE IF EXISTS `counties`;
/*!40101 SET @saved_cs_client     = @@character_set_client */;
/*!40101 SET character_set_client = utf8 */;
CREATE TABLE `counties` (
  `id` bigint(20) NOT NULL AUTO_INCREMENT,
  `name` varchar(255) DEFAULT NULL,
  `created_at` datetime NOT NULL,
  `updated_at` datetime NOT NULL,
  PRIMARY KEY (`id`)
) ENGINE=InnoDB AUTO_INCREMENT=19 DEFAULT CHARSET=utf8;
/*!40101 SET character_set_client = @saved_cs_client */;

--
-- Dumping data for table `counties`
--

LOCK TABLES `counties` WRITE;
/*!40000 ALTER TABLE `counties` DISABLE KEYS */;
INSERT INTO `counties` VALUES (1,'ALBA','2017-10-27 16:23:57','2017-10-27 16:23:57'),(2,'ARAD','2017-10-27 16:23:57','2017-10-27 16:23:57'),(3,'BIHOR','2017-10-27 16:23:57','2017-10-27 16:23:57'),(4,'BISTRITA-NASAUD','2017-10-27 16:23:57','2017-10-27 16:23:57'),(5,'BRASOV','2017-10-27 16:23:57','2017-10-27 16:23:57'),(6,'CARAS-SEVERIN','2017-10-27 16:23:57','2017-10-27 16:23:57'),(7,'CLUJ','2017-10-27 16:23:57','2017-10-27 16:23:57'),(8,'COVASNA','2017-10-27 16:23:57','2017-10-27 16:23:57'),(9,'HARGHITA','2017-10-27 16:23:57','2017-10-27 16:23:57'),(10,'HUNEDOARA','2017-10-27 16:23:57','2017-10-27 16:23:57'),(11,'MARAMURES','2017-10-27 16:23:57','2017-10-27 16:23:57'),(12,'MURES','2017-10-27 16:23:57','2017-10-27 16:23:57'),(13,'SALAJ','2017-10-27 16:23:57','2017-10-27 16:23:57'),(14,'SATU MARE','2017-10-27 16:23:57','2017-10-27 16:23:57'),(15,'SIBIU','2017-10-27 16:23:57','2017-10-27 16:23:57'),(16,'TIMIS','2017-10-27 16:23:57','2017-10-27 16:23:57'),(17,'PRAHOVA','2018-03-04 19:47:32','2018-03-04 19:47:32'),(18,'ILFOV','2018-03-04 19:48:12','2018-03-04 19:48:12');
/*!40000 ALTER TABLE `counties` ENABLE KEYS */;
UNLOCK TABLES;

--
-- Table structure for table `land_sectors`
--

DROP TABLE IF EXISTS `land_sectors`;
/*!40101 SET @saved_cs_client     = @@character_set_client */;
/*!40101 SET character_set_client = utf8 */;
CREATE TABLE `land_sectors` (
  `id` bigint(20) NOT NULL AUTO_INCREMENT,
  `land_id` bigint(20) DEFAULT NULL,
  `sector_id` bigint(20) DEFAULT NULL,
  PRIMARY KEY (`id`),
  KEY `index_land_sectors_on_land_id` (`land_id`),
  KEY `index_land_sectors_on_sector_id` (`sector_id`),
  CONSTRAINT `fk_rails_636c2bb4ad` FOREIGN KEY (`sector_id`) REFERENCES `sectors` (`id`),
  CONSTRAINT `fk_rails_85c5faae3e` FOREIGN KEY (`land_id`) REFERENCES `lands` (`id`)
) ENGINE=InnoDB AUTO_INCREMENT=46 DEFAULT CHARSET=utf8;
/*!40101 SET character_set_client = @saved_cs_client */;

--
-- Dumping data for table `land_sectors`
--

LOCK TABLES `land_sectors` WRITE;
/*!40000 ALTER TABLE `land_sectors` DISABLE KEYS */;
INSERT INTO `land_sectors` VALUES (4,5,9),(6,6,18),(7,6,19),(9,6,21),(12,6,22),(13,2,22),(14,6,25),(15,5,23),(16,7,27),(17,6,27),(18,5,24),(25,2,28),(26,3,28),(27,5,30),(28,5,32),(29,5,31),(30,5,20),(31,5,22),(32,2,33),(33,5,34),(34,6,34),(35,5,35),(36,7,36),(37,6,36),(38,5,37),(39,2,37),(40,5,38),(41,7,38),(42,5,39),(43,7,39),(44,6,40),(45,6,41);
/*!40000 ALTER TABLE `land_sectors` ENABLE KEYS */;
UNLOCK TABLES;

--
-- Table structure for table `lands`
--

DROP TABLE IF EXISTS `lands`;
/*!40101 SET @saved_cs_client     = @@character_set_client */;
/*!40101 SET character_set_client = utf8 */;
CREATE TABLE `lands` (
  `id` bigint(20) NOT NULL AUTO_INCREMENT,
  `name` varchar(255) DEFAULT NULL,
  `created_at` datetime NOT NULL,
  `updated_at` datetime NOT NULL,
  PRIMARY KEY (`id`)
) ENGINE=InnoDB AUTO_INCREMENT=9 DEFAULT CHARSET=utf8;
/*!40101 SET character_set_client = @saved_cs_client */;

--
-- Dumping data for table `lands`
--

LOCK TABLES `lands` WRITE;
/*!40000 ALTER TABLE `lands` DISABLE KEYS */;
INSERT INTO `lands` VALUES (1,'City center','2017-11-16 15:26:43','2017-11-16 15:26:43'),(2,'Settlement','2017-11-16 15:26:51','2017-11-16 15:26:51'),(3,'Traffic area','2017-11-16 15:27:00','2017-11-16 15:27:00'),(4,'Park','2017-11-16 15:27:05','2017-11-16 15:27:05'),(5,'Agricultural land','2017-11-16 15:27:17','2017-11-16 15:27:17'),(6,'Grassland','2017-11-16 15:27:26','2017-11-16 15:27:26'),(7,'Forest','2017-11-16 15:27:34','2017-11-16 15:27:34'),(8,'Others','2017-11-16 15:27:39','2017-11-16 15:27:39');
/*!40000 ALTER TABLE `lands` ENABLE KEYS */;
UNLOCK TABLES;

--
-- Table structure for table `monument_sectors`
--

DROP TABLE IF EXISTS `monument_sectors`;
/*!40101 SET @saved_cs_client     = @@character_set_client */;
/*!40101 SET character_set_client = utf8 */;
CREATE TABLE `monument_sectors` (
  `id` bigint(20) NOT NULL AUTO_INCREMENT,
  `monument_id` bigint(20) DEFAULT NULL,
  `sector_id` bigint(20) DEFAULT NULL,
  PRIMARY KEY (`id`),
  KEY `index_monument_sectors_on_monument_id` (`monument_id`),
  KEY `index_monument_sectors_on_sector_id` (`sector_id`),
  CONSTRAINT `fk_rails_9fff700271` FOREIGN KEY (`sector_id`) REFERENCES `sectors` (`id`),
  CONSTRAINT `fk_rails_ee862b7ddc` FOREIGN KEY (`monument_id`) REFERENCES `monuments` (`id`)
) ENGINE=InnoDB AUTO_INCREMENT=34 DEFAULT CHARSET=utf8;
/*!40101 SET character_set_client = @saved_cs_client */;

--
-- Dumping data for table `monument_sectors`
--

LOCK TABLES `monument_sectors` WRITE;
/*!40000 ALTER TABLE `monument_sectors` DISABLE KEYS */;
INSERT INTO `monument_sectors` VALUES (4,2,9),(5,1,18),(6,1,19),(9,1,21),(10,3,23),(11,1,22),(12,1,25),(13,1,27),(14,1,24),(18,1,28),(19,1,30),(20,1,32),(21,3,20),(22,3,26),(23,1,29),(24,1,31),(25,2,33),(26,1,34),(27,1,35),(28,1,36),(29,1,37),(30,3,38),(31,1,39),(32,1,40),(33,1,41);
/*!40000 ALTER TABLE `monument_sectors` ENABLE KEYS */;
UNLOCK TABLES;

--
-- Table structure for table `monuments`
--

DROP TABLE IF EXISTS `monuments`;
/*!40101 SET @saved_cs_client     = @@character_set_client */;
/*!40101 SET character_set_client = utf8 */;
CREATE TABLE `monuments` (
  `id` bigint(20) NOT NULL AUTO_INCREMENT,
  `name` varchar(255) DEFAULT NULL,
  `created_at` datetime NOT NULL,
  `updated_at` datetime NOT NULL,
  PRIMARY KEY (`id`)
) ENGINE=InnoDB AUTO_INCREMENT=4 DEFAULT CHARSET=utf8;
/*!40101 SET character_set_client = @saved_cs_client */;

--
-- Dumping data for table `monuments`
--

LOCK TABLES `monuments` WRITE;
/*!40000 ALTER TABLE `monuments` DISABLE KEYS */;
INSERT INTO `monuments` VALUES (1,'full protection','2017-11-16 15:17:28','2017-11-16 15:17:28'),(2,'partial protection','2017-11-16 15:17:38','2017-11-16 15:17:38'),(3,'no protection','2017-11-16 15:17:46','2017-11-16 15:17:46');
/*!40000 ALTER TABLE `monuments` ENABLE KEYS */;
UNLOCK TABLES;

--
-- Table structure for table `photos`
--

DROP TABLE IF EXISTS `photos`;
/*!40101 SET @saved_cs_client     = @@character_set_client */;
/*!40101 SET character_set_client = utf8 */;
CREATE TABLE `photos` (
  `id` bigint(20) NOT NULL AUTO_INCREMENT,
  `sector_id` bigint(20) DEFAULT NULL,
  `imag_type` varchar(255) DEFAULT NULL,
  `description` varchar(255) DEFAULT NULL,
  `created_at` datetime NOT NULL,
  `updated_at` datetime NOT NULL,
  `image_file_name` varchar(255) DEFAULT NULL,
  `image_content_type` varchar(255) DEFAULT NULL,
  `image_file_size` int(11) DEFAULT NULL,
  `image_updated_at` datetime DEFAULT NULL,
  PRIMARY KEY (`id`),
  KEY `index_photos_on_sector_id` (`sector_id`),
  CONSTRAINT `fk_rails_764d5da055` FOREIGN KEY (`sector_id`) REFERENCES `sectors` (`id`)
) ENGINE=InnoDB DEFAULT CHARSET=utf8;
/*!40101 SET character_set_client = @saved_cs_client */;

--
-- Dumping data for table `photos`
--

LOCK TABLES `photos` WRITE;
/*!40000 ALTER TABLE `photos` DISABLE KEYS */;
/*!40000 ALTER TABLE `photos` ENABLE KEYS */;
UNLOCK TABLES;

--
-- Table structure for table `preservation_sectors`
--

DROP TABLE IF EXISTS `preservation_sectors`;
/*!40101 SET @saved_cs_client     = @@character_set_client */;
/*!40101 SET character_set_client = utf8 */;
CREATE TABLE `preservation_sectors` (
  `id` bigint(20) NOT NULL AUTO_INCREMENT,
  `preservation_id` bigint(20) DEFAULT NULL,
  `sector_id` bigint(20) DEFAULT NULL,
  PRIMARY KEY (`id`),
  KEY `index_preservation_sectors_on_preservation_id` (`preservation_id`),
  KEY `index_preservation_sectors_on_sector_id` (`sector_id`),
  CONSTRAINT `fk_rails_519d05cf30` FOREIGN KEY (`sector_id`) REFERENCES `sectors` (`id`),
  CONSTRAINT `fk_rails_f6be04ba1b` FOREIGN KEY (`preservation_id`) REFERENCES `preservations` (`id`)
) ENGINE=InnoDB AUTO_INCREMENT=50 DEFAULT CHARSET=utf8;
/*!40101 SET character_set_client = @saved_cs_client */;

--
-- Dumping data for table `preservation_sectors`
--

LOCK TABLES `preservation_sectors` WRITE;
/*!40000 ALTER TABLE `preservation_sectors` DISABLE KEYS */;
INSERT INTO `preservation_sectors` VALUES (2,7,9),(3,2,18),(4,2,19),(5,2,20),(6,2,21),(7,7,24),(13,2,27),(14,3,24),(23,2,29),(25,7,30),(26,7,32),(27,3,32),(29,2,22),(30,2,23),(31,2,25),(32,2,26),(33,2,28),(34,3,30),(35,2,31),(36,2,33),(37,2,34),(38,7,35),(39,3,35),(40,7,36),(42,4,36),(43,8,37),(44,2,37),(45,2,38),(46,2,39),(47,2,40),(48,8,41),(49,2,41);
/*!40000 ALTER TABLE `preservation_sectors` ENABLE KEYS */;
UNLOCK TABLES;

--
-- Table structure for table `preservations`
--

DROP TABLE IF EXISTS `preservations`;
/*!40101 SET @saved_cs_client     = @@character_set_client */;
/*!40101 SET character_set_client = utf8 */;
CREATE TABLE `preservations` (
  `id` bigint(20) NOT NULL AUTO_INCREMENT,
  `name` varchar(255) DEFAULT NULL,
  `created_at` datetime NOT NULL,
  `updated_at` datetime NOT NULL,
  PRIMARY KEY (`id`)
) ENGINE=InnoDB AUTO_INCREMENT=9 DEFAULT CHARSET=utf8;
/*!40101 SET character_set_client = @saved_cs_client */;

--
-- Dumping data for table `preservations`
--

LOCK TABLES `preservations` WRITE;
/*!40000 ALTER TABLE `preservations` DISABLE KEYS */;
INSERT INTO `preservations` VALUES (1,'Uncovered and visible structure','2017-11-16 15:02:42','2018-05-25 13:30:01'),(2,'Invisible and concealed structure','2017-11-16 15:02:54','2018-05-28 08:06:34'),(3,'Preserved','2017-11-16 15:03:05','2018-05-25 13:30:20'),(4,'Not preserved','2017-11-16 15:03:19','2018-05-25 13:31:29'),(5,'Built over, but preserved','2017-11-16 15:03:42','2018-05-25 13:30:34'),(6,'Has a protective structure','2017-11-16 15:04:09','2018-05-25 13:31:47'),(7,'Partially uncovered and visible structure','2017-11-16 15:04:52','2018-05-28 08:06:59'),(8,'Built over, not preserved','2018-05-28 08:05:40','2018-05-28 08:05:40');
/*!40000 ALTER TABLE `preservations` ENABLE KEYS */;
UNLOCK TABLES;

--
-- Table structure for table `saccesses`
--

DROP TABLE IF EXISTS `saccesses`;
/*!40101 SET @saved_cs_client     = @@character_set_client */;
/*!40101 SET character_set_client = utf8 */;
CREATE TABLE `saccesses` (
  `id` bigint(20) NOT NULL AUTO_INCREMENT,
  `name` varchar(255) DEFAULT NULL,
  `created_at` datetime NOT NULL,
  `updated_at` datetime NOT NULL,
  PRIMARY KEY (`id`)
) ENGINE=InnoDB AUTO_INCREMENT=3 DEFAULT CHARSET=utf8;
/*!40101 SET character_set_client = @saved_cs_client */;

--
-- Dumping data for table `saccesses`
--

LOCK TABLES `saccesses` WRITE;
/*!40000 ALTER TABLE `saccesses` DISABLE KEYS */;
INSERT INTO `saccesses` VALUES (1,'public','2017-11-16 15:31:59','2017-11-16 15:31:59'),(2,'restricted','2017-11-16 15:32:09','2017-11-16 15:32:09');
/*!40000 ALTER TABLE `saccesses` ENABLE KEYS */;
UNLOCK TABLES;

--
-- Table structure for table `scategories`
--

DROP TABLE IF EXISTS `scategories`;
/*!40101 SET @saved_cs_client     = @@character_set_client */;
/*!40101 SET character_set_client = utf8 */;
CREATE TABLE `scategories` (
  `id` bigint(20) NOT NULL AUTO_INCREMENT,
  `name` varchar(255) DEFAULT NULL,
  `created_at` datetime NOT NULL,
  `updated_at` datetime NOT NULL,
  PRIMARY KEY (`id`)
) ENGINE=InnoDB AUTO_INCREMENT=5 DEFAULT CHARSET=utf8;
/*!40101 SET character_set_client = @saved_cs_client */;

--
-- Dumping data for table `scategories`
--

LOCK TABLES `scategories` WRITE;
/*!40000 ALTER TABLE `scategories` DISABLE KEYS */;
INSERT INTO `scategories` VALUES (1,'Fortification','2017-11-15 13:35:59','2018-05-25 13:16:43'),(2,'Civilian structure','2018-03-04 19:48:48','2018-05-25 13:17:06'),(3,'Other','2018-03-04 19:49:04','2018-05-25 13:17:58'),(4,'Industrial site','2018-05-25 13:24:31','2018-05-25 13:24:31');
/*!40000 ALTER TABLE `scategories` ENABLE KEYS */;
UNLOCK TABLES;

--
-- Table structure for table `schema_migrations`
--

DROP TABLE IF EXISTS `schema_migrations`;
/*!40101 SET @saved_cs_client     = @@character_set_client */;
/*!40101 SET character_set_client = utf8 */;
CREATE TABLE `schema_migrations` (
  `version` varchar(255) NOT NULL,
  PRIMARY KEY (`version`)
) ENGINE=InnoDB DEFAULT CHARSET=utf8;
/*!40101 SET character_set_client = @saved_cs_client */;

--
-- Dumping data for table `schema_migrations`
--

LOCK TABLES `schema_migrations` WRITE;
/*!40000 ALTER TABLE `schema_migrations` DISABLE KEYS */;
INSERT INTO `schema_migrations` VALUES ('20171027131822'),('20171031131324'),('20171031131600'),('20171031131847'),('20171031132051'),('20171031132447'),('20171110132413'),('20171114125832'),('20171115133116'),('20171115133226'),('20171115154358'),('20171116145424'),('20171116145522'),('20171116145827'),('20171116151526'),('20171116151559'),('20171116152349'),('20171116152408'),('20171116152831'),('20171116152906'),('20171116153443'),('20171116155242'),('20171116155548'),('20171127154541'),('20171129134202'),('20171204153328'),('20171204153747'),('20190207083102');
/*!40000 ALTER TABLE `schema_migrations` ENABLE KEYS */;
UNLOCK TABLES;

--
-- Table structure for table `sector_bibliographies`
--

DROP TABLE IF EXISTS `sector_bibliographies`;
/*!40101 SET @saved_cs_client     = @@character_set_client */;
/*!40101 SET character_set_client = utf8 */;
CREATE TABLE `sector_bibliographies` (
  `id` bigint(20) NOT NULL AUTO_INCREMENT,
  `sector_id` bigint(20) DEFAULT NULL,
  `bibliography_id` bigint(20) DEFAULT NULL,
  `page` varchar(255) DEFAULT NULL,
  `created_at` datetime NOT NULL,
  `updated_at` datetime NOT NULL,
  PRIMARY KEY (`id`),
  KEY `index_sector_bibliographies_on_sector_id` (`sector_id`),
  KEY `index_sector_bibliographies_on_bibliography_id` (`bibliography_id`),
  CONSTRAINT `fk_rails_22a50a3ed3` FOREIGN KEY (`bibliography_id`) REFERENCES `bibliographies` (`id`),
  CONSTRAINT `fk_rails_28195d1158` FOREIGN KEY (`sector_id`) REFERENCES `sectors` (`id`)
) ENGINE=InnoDB AUTO_INCREMENT=6 DEFAULT CHARSET=utf8;
/*!40101 SET character_set_client = @saved_cs_client */;

--
-- Dumping data for table `sector_bibliographies`
--

LOCK TABLES `sector_bibliographies` WRITE;
/*!40000 ALTER TABLE `sector_bibliographies` DISABLE KEYS */;
INSERT INTO `sector_bibliographies` VALUES (5,9,3,NULL,'2018-02-24 13:02:52','2018-02-24 13:02:52');
/*!40000 ALTER TABLE `sector_bibliographies` ENABLE KEYS */;
UNLOCK TABLES;

--
-- Table structure for table `sectors`
--

DROP TABLE IF EXISTS `sectors`;
/*!40101 SET @saved_cs_client     = @@character_set_client */;
/*!40101 SET character_set_client = utf8 */;
CREATE TABLE `sectors` (
  `id` bigint(20) NOT NULL AUTO_INCREMENT,
  `locality` varchar(255) DEFAULT NULL,
  `village` varchar(255) DEFAULT NULL,
  `county_id` bigint(20) DEFAULT NULL,
  `site_type` varchar(255) DEFAULT NULL,
  `name` varchar(255) DEFAULT NULL,
  `point` varchar(255) DEFAULT NULL,
  `country` varchar(100) DEFAULT NULL,
  `tower` varchar(255) DEFAULT NULL,
  `institution` varchar(255) DEFAULT NULL,
  `lmi` varchar(255) DEFAULT NULL,
  `map_code` varchar(255) DEFAULT NULL,
  `coordinate_id` bigint(20) DEFAULT NULL,
  `d_length` varchar(255) DEFAULT NULL,
  `d_width` varchar(255) DEFAULT NULL,
  `d_height` varchar(255) DEFAULT NULL,
  `d_o` varchar(255) DEFAULT NULL,
  `d_type` varchar(255) DEFAULT NULL,
  `area` varchar(255) DEFAULT NULL,
  `description` text,
  `soil_type` varchar(255) DEFAULT NULL,
  `chronology` varchar(255) DEFAULT NULL,
  `preservation` varchar(255) DEFAULT NULL,
  `component_id` bigint(20) DEFAULT NULL,
  `form` varchar(255) DEFAULT NULL,
  `location` varchar(255) DEFAULT NULL,
  `access` varchar(255) DEFAULT NULL,
  `risk` varchar(255) DEFAULT NULL,
  `archaeology` text,
  `pat_value` varchar(255) DEFAULT NULL,
  `remark` text,
  `polygon` varchar(255) DEFAULT NULL,
  `author` varchar(255) DEFAULT NULL,
  `created_at` datetime NOT NULL,
  `updated_at` datetime NOT NULL,
  `code` varchar(255) DEFAULT NULL,
  `ran` varchar(255) DEFAULT NULL,
  `siruta` varchar(255) DEFAULT NULL,
  `property` varchar(255) DEFAULT NULL,
  `owner` varchar(255) DEFAULT NULL,
  `address` varchar(255) DEFAULT NULL,
  `cadastral` varchar(255) DEFAULT NULL,
  `topo` varchar(255) DEFAULT NULL,
  `site_categ` varchar(255) DEFAULT NULL,
  `relief` varchar(255) DEFAULT NULL,
  `river` varchar(255) DEFAULT NULL,
  `stratigraphy` varchar(255) DEFAULT NULL,
  `research` varchar(255) DEFAULT NULL,
  `d_east` varchar(255) DEFAULT NULL,
  `d_west` varchar(255) DEFAULT NULL,
  `d_north` varchar(255) DEFAULT NULL,
  `d_south` varchar(255) DEFAULT NULL,
  `flood` varchar(5) DEFAULT NULL,
  `rain` varchar(255) DEFAULT NULL,
  `fire` varchar(5) DEFAULT NULL,
  `animal` varchar(5) DEFAULT NULL,
  `insect` varchar(5) DEFAULT NULL,
  `storm` varchar(5) DEFAULT NULL,
  `water` varchar(5) DEFAULT NULL,
  `earthquake` varchar(5) DEFAULT NULL,
  `landslide` varchar(5) DEFAULT NULL,
  `salt` varchar(5) DEFAULT NULL,
  `acid` varchar(5) DEFAULT NULL,
  `demolition` varchar(5) DEFAULT NULL,
  `partial` varchar(5) DEFAULT NULL,
  `vandalism` varchar(5) DEFAULT NULL,
  `theft` varchar(5) DEFAULT NULL,
  `arson` varchar(5) DEFAULT NULL,
  `research_type` varchar(255) DEFAULT NULL,
  `geophysics` varchar(255) DEFAULT NULL,
  `restoration` varchar(255) DEFAULT NULL,
  `sect_responsible` varchar(255) DEFAULT NULL,
  `discovery` varchar(255) DEFAULT NULL,
  `scategory_id` int(11) DEFAULT NULL,
  `preservation_id` int(11) DEFAULT NULL,
  `national` varchar(255) DEFAULT NULL,
  `urbanism` varchar(255) DEFAULT NULL,
  `other` varchar(255) DEFAULT NULL,
  `agriculture` varchar(5) DEFAULT NULL,
  `forest` varchar(5) DEFAULT NULL,
  PRIMARY KEY (`id`),
  KEY `index_sectors_on_county_id` (`county_id`),
  KEY `index_sectors_on_coordinate_id` (`coordinate_id`),
  KEY `index_sectors_on_component_id` (`component_id`),
  CONSTRAINT `fk_rails_5da22a0d17` FOREIGN KEY (`component_id`) REFERENCES `components` (`id`),
  CONSTRAINT `fk_rails_8d962c1d4b` FOREIGN KEY (`coordinate_id`) REFERENCES `coordinates` (`id`),
  CONSTRAINT `fk_rails_8dff2353fe` FOREIGN KEY (`county_id`) REFERENCES `counties` (`id`)
) ENGINE=InnoDB AUTO_INCREMENT=43 DEFAULT CHARSET=utf8;
/*!40101 SET character_set_client = @saved_cs_client */;

--
-- Dumping data for table `sectors`
--

LOCK TABLES `sectors` WRITE;
/*!40000 ALTER TABLE `sectors` DISABLE KEYS */;
INSERT INTO `sectors` VALUES (9,'Vărădia','Vărădia',6,NULL,'Vărădia','Pustă','Romania',NULL,'','CS-I-m-A-10892.02','',NULL,'185','110','','','presupuse','2.03 ha','','teren_arabil','sec. 2-3',NULL,NULL,NULL,NULL,NULL,NULL,'1920 - Dimitrie Gusti, 2003 - Eduard Nemeth','','',NULL,'szeredai.norbert@gmail.com','2018-02-24 13:02:52','2018-02-24 13:02:52','RO001','54519.01','54500','','','','','',NULL,'','','neolitic-roman','','','','','','4',NULL,'1','2','1','2','3','1','1','1','1','3','1','1','2','1',NULL,'Da','Nu','MNIT','materiale de construcții romane, material ceramic',1,NULL,'','','','2','1'),(17,'Dumbrăvești','Sfârleanca',3,NULL,'Mălăiești','','Romania',NULL,'','PH-I-s-A-16208','',NULL,'','','','','','','','','',NULL,NULL,NULL,NULL,NULL,NULL,'','','',NULL,'szeredai.norbert@gmail.com','2018-02-24 13:15:25','2018-02-24 13:15:25','RO261','131522.01','131522','','','','','',NULL,'','','','','','','','','',NULL,'','','','','','','','','','','','','','',NULL,'','','','',1,NULL,'','','','',''),(18,'Creaca','Brebi ',13,NULL,'Brebi I Sub citera','Dealul Dungii','Romania',NULL,'','SJ-I-s-A-04858.01','',NULL,'-','-','2-2,5 m','-','presupuse','0.4 ha / 3151 square metre','It is part of a pair of burgs called burgs from Brebi 1 and 2. They are incorporated into a linear fortification structure, in the form of a clausura,  equipped with with ramp and ditch. Named burgus Brebi 1, it is located on a high plateau north of Porolissum, situated on the end of the \"Dungii\", on the top of a promontory (253 m elevation). The ruins appear to be of rectangular  form, with the edges raised approx. 0.5 m from the surrounding terrain. Recent research confirmed  the existence of two parallel ditches an all sides, accompanied by a very compact ramp, as well as the position of an entrance  on the south side, with a clear gap along the line of the ramp and trenches also. It is highly likely, it’s part of one of the earliest phases of the border segment belonging to this area. As to typology, it belongs to the category of structures found in the area of Porolissum, blocking Frumuşelei Valley.','pasune','c. 106 - 270',NULL,4,NULL,NULL,NULL,NULL,'Burgus Brebi 1 was originally discovered by Torma K. and the first topographic drawing was made by Buday A. Archaeological research was  first conducted by C. Daicoviciu, discovering Roman structures  dated to the first decades of the century 2nd  century BC. Ferenczi I. visited and documented the ruins, and M. Macrea excavated further, opening 4  sections, thus establishing the dimensions of the burgus. Excavations were performed in the 1970s, without any interference over time.',' national or universal value','The rectangular enclosure is very well preserved, and the surrounding ditches and the surrounding ramp are well-profiled.',NULL,'brittaburkhardt@gmail.com','2018-05-25 08:26:22','2018-05-25 13:27:24','RO138','140707.01 ','140707','Mixt','Multiple','village Brebi, on the pasture of south of the village','-','',NULL,'Cluj','The high terrace south of the Ortelec valley','a construction phase (earth and timber phase)','(1930)C. Daicoviciu (1962)  M. Macrea ','property limit','forest','village road','forest','',NULL,'','','','','','','','','','','','4','4','',NULL,'2016','-','MNIT',' de verificat literatura',1,NULL,'Legea nr. 182/2000 privind protejarea patrimoniului cultural național mobil','','Ordinul ministrului culturii şi cultelor nr. 2.314/2004; Ordonanța nr. 43/2000 privind protecția patrimoniului arheologic și declararea unor situri arheologice ca zone de interes național','','4'),(19,'Creaca','Brebi ',13,NULL,'Brebi II Dunga','Dealul Dungii','Romania',NULL,'','SJ-I-s-A-04858.02','',NULL,'-','-','-','-','','0.1 ha / 967.56 square metre','It is part of a pair of burgs called burgs from Brebi 1 and 2. They are incorporated into a linear fortification structure, in the form of a clausura,  equipped with with ramp and ditch. This burgus, named Brebi 2 is located on a high plateau, north of the one mentioned above. It has a perfectly visible enclosure on the surface, which is now used as a pasture. The ruins appear to be of rectangular  form, with the edges raised approx. 1.5 m from the surrounding terrain. \r\nRecent research confirmed  the existence of two parallel ditches an all sides, accompanied by a very compact ramp. Secondly, the position of an entrance was determined,  on the west side, accompanied by a clear gap along the line of the ramp and trenches is also  noticeable. The positioning of this entrance can be a clear indication that we are dealing with a possible milecastle.','pasune','c. 106 - 270',NULL,4,NULL,NULL,NULL,NULL,'Burgus Brebi 2 was originally discovered by Torma K. and the first topographic drawing was made by Buday A. Archaeological research was  first conducted by C. Daicoviciu, discovering Roman structures  dated to the first decades of the century 2nd  century BC. Ferenczi I. visited and documented the ruins, and M. Macrea excavated further, opening 4  sections, thus establishing the dimensions of the burgus. Excavations were performed in the 1970s, without any interference over time.',' national or universal value','The rectangular enclosure is well preserved, as well as the surrounding ditch and earth rampart are  well-shaped and visible.\r\nThe fortification is crossed by a single archaeological section probably belonging to M. Macrea\'s research, on the N-S direction.',NULL,'brittaburkhardt@gmail.com','2018-05-25 12:05:31','2018-05-25 13:28:33','RO139','140707.03 ','140707','Mixt','Multiple','village Brebi, on the pasture south of the village','-','',NULL,'base of Dunga hill, northern end of the ramp','The high terrace south of the Ortelec valley','a construction phase (earth and timber phase)','(1930)C. Daicoviciu ','village road','forest','village road','forest','',NULL,'','','','','','','','','','','','','4','4',NULL,'2016','-','MNIT',' de verificat literatura',1,NULL,'Legea nr. 182/2000 privind protejarea patrimoniului cultural național mobil','','Ordinul ministrului culturii şi cultelor nr. 2.314/2004; Ordonanța nr. 43/2000 privind protecția patrimoniului arheologic și declararea unor situri arheologice ca zone de interes național','',''),(20,'Mirșid','Mirșid',13,NULL,'Mirsid rampart ','La Poiană','Romania',NULL,'','-','',NULL,'','','','','','1800 square metre','The rampart was identified in 1994 over a 3.5 km length. It connects a number of 6 towers, forming an big segment of Porolissum\'s defensive system. \r\nThe alignment of the stone rampart and its ditch was clearly captured in recent geophysical research. It appears  that it was cut through five sections, and excavated. The preserved foundations of this segment show a width of 0.85-0.90 m, and in some places  an elevation of maximum 0.50 m. A tower has been also researched in detail along this section of barrier.','teren_arabil','c. 106 - 270',NULL,3,NULL,NULL,NULL,NULL,'excavated by Al. V. Matei (see the bibliography in the analytical sheet), the traces of this past research being still visible.','-','At the surface, on a significant length the rampart is clearly outlined and visible.The site was intensely dug by Al. V. Matei (see the bibliography), the traces of this past research being still visible.',NULL,'brittaburkhardt@gmail.com','2018-05-25 13:38:40','2018-05-28 08:12:11','RO112','-','142131','-','-','-','','',NULL,'Plateau','Sărată valley','-','(2007) Al., V. Matei ','forest edge','road an forest edge','pastures, torrential valley and road','road an forest edge','',NULL,'','','','','','','','','','','4','','4','4',NULL,'207','-','MNIT','',1,NULL,'-','','-','',''),(21,'Zalău','Ortelec village',13,NULL,'Ortelec - Dealul Clocoțăl','Dealul Clocoțăl','Romania',NULL,'','SJ-I-s-B-04843.06','',NULL,'-','-','','15 m / 8 m ','presupuse','150/ 60.61 mp square metre','It is a very well-structured watchtower on the ground, on the edge of the forest that separates Zalău city from the Ortelec neighborhood, situated on the Hill between Moigrad and Ortelec The well preserved ruins look like a tall spherical quay with a recess of about 1.5 m in the middle and is  lifted approx. 1 m from the surrounding terrain and a ditch surrounding it. Perhaps part of the line of  towers which have increased visibility towards the outside of the province.','pasune','c. 106 - 270',NULL,1,NULL,NULL,NULL,NULL,'It was researched in the 1980s','representative for the local cultural heritage','On the north side, the grove is no longer visible due to the natural erosion of the soil. Treasure hunters and vegetation growth have affected its conservation status. There is no archaeological material on the surface. The site is considered to be disturbed by way of the old archaeological surveys.',NULL,'brittaburkhardt@gmail.com','2018-05-25 14:33:59','2018-05-28 08:13:36','RO118','139713.10 ','139713','Private','Multiple',' Clocoțăl hill','-','',NULL,'hill','Ortelec river','one construction phase identified','(2009) Al. V. Matei and N. Gudea','grassland','forest edge','grassland','forest edge','',NULL,'','','','','','','','','','','','','5','',NULL,'-','-','MNIT',' de verificat literatura',1,NULL,'Legea nr. 182/2000 privind protejarea patrimoniului cultural național mobil','','Ordinul ministrului culturii şi cultelor nr. 2.314/2004; Ordonanța nr. 43/2000 privind protecția patrimoniului arheologic și declararea unor situri arheologice ca zone de interes național','','4'),(22,'','Românași',13,NULL,'Largiana - Românași','La Cetate','Romania',NULL,'','SJ-I-s-A-04953 ','',NULL,'158,5 m','130 m','-','-','sigure','2,06 ha (updated to 1,21)','Placed on a plateau south of the village, the fort is not covered by later buildings but is next to the current village cemetery. Ruins appear as a well-defined rectangle with raised edges approx. 1.5 m from the surrounding area. Archaeological materials appear in abundance. The E side, corresponding to the praetoria gate in danger due to the extension of the present cemetery of the village','','c. 106 - 270',NULL,2,NULL,NULL,NULL,NULL,'',' national or universal value','\r\nThe fortification area can be observed as formation on the surface ground, but the whole area is intensely cultivated.\r\nApart from recent excavations, no other modern interventions have been reported.',NULL,'brittaburkhardt@gmail.com','2018-05-25 15:35:56','2018-05-28 08:18:10','RO143','142435.01  ','142435 ','Private','Multiple','Romanian village, near the current cemetery','-','-',NULL,'Terrace north of the valley  Agrij in SV Village','The confluence of Agrij Valley with the Ciumărna brook and the Seacă valley','earth and timber; stone construction phase, ',' (1864, 1880)  K. Torma, (1876) K. Goos,  (1894) Király, (1962) Macrea//Mitrofan, 1970ies N. Gudea ','county road','property limit',' Ciumărna Creek','village road and forest','',NULL,'','','','','','','','','','','','4','5','',NULL,'','','MNIT',' de verificat literatura',1,NULL,'Legea nr. 182/2000 privind protejarea patrimoniului cultural național mobil','','Ordinul ministrului culturii şi cultelor nr. 2.314/2004; Ordonanța nr. 43/2000 privind protecția patrimoniului arheologic și declararea unor situri arheologice ca zone de interes național','4',''),(23,'Salva','Salva',4,NULL,'Salva - Cetățea(ua)','Cetățiaua / Sub Mocirlă','Romania',NULL,'','Proposal for classification','',NULL,'29.50','19','-','-','partial_distrus','678.27 square metre','The Plateau \"Sub Mocirla\" is located at the inner angle formed by the confluence of the Sălăuţei valley with Someşul Mare, rising 15 m from the valley\'s meadow.\r\n On site the edges of a structure are noticeable to the viewer. The structure is approximately 19 x 29.50 m large.  Checking the area around this structure one could see an extension of the ceramics up to about 50-60 m around it. Research cannot say with certainty assign functionality to the structure seen on the plateau, in the absence of archaeological research. \r\nHowever, in terms of its small size and position on a plateau located most likely in an access area making way towards the Barbaricum from the Empire and vice versa, represented by \"Valley Sălăuţei\" research assumes that we are dealing perhaps with a burgus-like structure.Due to the proximity of the burgus of Salva to the auxiliary camp of Ilişua - Arcobadara  (adjoined by a similar military structure set in  neighboring Negrilești)  it can be said that these burgus seems to adhere to the administrative territory named territorium Arcobadarense.','pasune','c. 106 - 270',NULL,4,NULL,NULL,NULL,NULL,'1864 a toponymic survey carried out by Gubern of  Transylvania mentioned a structure and abundance of archaeological material at Salva','','It is in a constant process of destruction due to agricultural works',NULL,'brittaburkhardt@gmail.com','2018-05-25 15:42:52','2018-05-28 09:52:33','RO048','Proposal for classification','34404','Private','Unidentified','','25110','',NULL,'Plateau ','Sălăuţei valley','-','(2002) Retegan','agricultural plots','Tănase Todoran street','road','agricultural plots','',NULL,'','','','','','','','','','','','','5','',NULL,'2016','-','MNIT','ceramics and stone and brick material',1,NULL,'','','','5',''),(24,'Poieni','Bologa',7,NULL,'Ruconium - Bologa','Grădiște','Romania',NULL,'','CJ-I-s-A-06975','',NULL,'160m / 235m / 213m','125 m / 125 m / 133 m','529 m ','','presupuse',' 27946 square metre','The fort is located on a plateau, at the eastern outskirts of the village, south/south-east of the confluence of the Săcuieu or Henţu rivers (west of the castrum) and Crişul Repede (flowing  east and north of the fort). In the 1970s the praetorium was identified on the right-hand side of the commanders building. The master\'s building occupies an area of 570 square meters.\r\nStamped tiles have been discovered on which a fragment of a stamp belonging to the Hispanorum cohors II and several fragments of the Aelia Gaesatorum cohors have been distinguished.\r\nSince then researched identified different phases of the fort,  in which the dimensions and as well as construction material varies.\r\nThe fort has a total of three phases: the first phase (106-125/126; 160x125 m) of wood and earth; the second phase (126/130 - 210; 235x125 m) of wood and earth; and the third phase (210-27;213x133 m) with the fort built of stone.\r\nSeveral internal edifices were identified (principia, praetorium, horreum, barracks and other buildings)  consisting of structure made of wood and / or stone; some of them also have underwent modification during the abovementioned different phases.\r\n','teren_arabil','c. 106 - 270',NULL,2,NULL,NULL,NULL,NULL,'',' national or universal value','The area of the camp is well preserved, clearly defined throughout the perimeter.\r\nInside - as long as they have not been affected by agricultural work, treasure hunters, stone extraction, or even archaeological excavations (especially in the central area) - the remaining structures also appear well preserved (see recent archaeological and geophysical research).',NULL,'brittaburkhardt@gmail.com','2018-05-25 15:56:07','2018-05-28 08:23:37','RO183','59069.01 ','59069','Mixt (Public-Private) Poieni town hall.','Private owners (unknown)','DJ103H, Bologa 407471, Romania','52087','',NULL,'high terrace','Crișul Repede River','3 phases: the first phase (106-125/126 p. C.) of wood and earth; the second phase (126-130 p.C. - 210 BC) of wood and earth; and the third phase (210-270 p.C.) with the fort built of stone.',' (1936) M. Macrea; (1967-1976) E. Chirilă N. Gudea; (2012-2016) F. Marcu ','Crisul Repede river',' Săcuieu (Henţu) river','An imaginary line at 500 m north of the camp connecting the rivers Crisul Repede and Săcuieu (Henţu)','An imaginary line at 500 m north of the camp connecting the rivers Crisul Repede and Săcuieu (Henţu)','',NULL,'','4','','4','4','','','','','4','','5','5','',NULL,'2016','yes','MNIT',' de verificat literatura',1,NULL,'Legea nr. 182/2000 privind protejarea patrimoniului cultural național mobil','','Ordinul ministrului culturii şi cultelor nr. 2.314/2004; Ordonanța nr. 43/2000 privind protecția patrimoniului arheologic și declararea unor situri arheologice ca zone de interes național','5',''),(25,'-','Poieni',7,NULL,'Poieni 1','Dealul Horhiș / Vârful Carpen','Romania',NULL,'',' CJ-I-m-A-06976.11','',NULL,'c. 3,80 m','c. 3,80 m','','','','28 / 67.44 mp square metre','The towers called Poieni 1 and 2 are situated on the border of the village Poieni, residence of the commune with the same name, in the area called Dambul Vărădeştilor or the Hill of the Gypsies, adjacent of the rampart coming from the Crişului Repede Valley on the northern slope, and which probably blocked access to this valley, to Dacian province, with the help of a burgus.\r\nThey are approximately tangent, they have almost the same radius of visibility. To the west, Poieni Horhis is supervising the Vărădeşti Valley and the hills from the west of it, up to a maximum distance of 10 km in the airline. They are related to the towers of Mogura Bologii, Cetăţeaua and Râmbuşoi.\r\nPoieni 1 is a square enclosure with stone wall (opus incertum) with a thickness of 0.85 m. Stone foundation with mortar only on its upper part.\r\n','','c. 106 - 270',NULL,1,NULL,NULL,NULL,NULL,'',' national or universal value','\r\nPoieni 1 underwent excavation, the tower was almost entirely uncovered and researched. The tower has very thick and well-preserved walls. The upper part of the wall has been demolished.  There are no traces of other late interventions.Generally very badly preserved.\r\n',NULL,'brittaburkhardt@gmail.com','2018-05-25 16:21:42','2018-05-27 08:47:50','RO177','59050.02 ','59050','Public property','Poieni Town Hall','-','-','',NULL,'hillside and forest','set south-southeast of the confluence of Crisul Repede River (flowing at about 360 m west) with Valea Vărădeştilor (flowing about 150 m north).','Two phases of construction identified. Lack of a level of habitation in the upper, but with a layer of culture that extends over the whole surface of the tower and around it.','1970ies N. Gudea','The forested slope that descends from the top of the Horhizu Hill (Horhizu) to the valley (it joins downstream the Vărădeşti Valley).',' 45/5000 A segment of DN1-E60 in Poieni.','The forested valley that borders Horhizu Hill, until it joins the Vărădeşti Valley and continues with the latter.','The forest ridge that passes north of the tower on Horhis Hill (Carpun)','',NULL,'','','','','','','','','','','5','','5','',NULL,'','-','MNIT',' de verificat literatura',1,NULL,'Legea nr. 182/2000 privind protejarea patrimoniului cultural național mobil','','Ordinul ministrului culturii şi cultelor nr. 2.314/2004; Ordonanța nr. 43/2000 privind protecția patrimoniului arheologic și declararea unor situri arheologice ca zone de interes național','','4'),(26,'','Poieni',NULL,NULL,'Poieni 2','Dealul Horhiș / Vârful Carpen','Romania',NULL,'','-','',NULL,'','','','','','','The towers called Poieni 1 and 2 are situated on the border of the village Poieni, residence of the commune with the same name, in the area called Dambul Vărădeştilor or the Hill of the Gypsies, adjacent of the rampart coming from the Crişului Repede Valley on the northern slope, and which probably blocked access to this valley, to Dacian province, with the help of a burgus.\r\nThey are approximately tangent, they have almost the same radius of visibility. To the west, Poieni Horhis is supervising the Vărădeşti Valley and the hills from the west of it, up to a maximum distance of 10 km in the airline. They are related to the towers of Mogura Bologii, Cetăţeaua and Râmbuşoi.\r\nNo digitized record file in reports. Recorded together with Poieni 1.','','c. 106 - 270',NULL,1,NULL,NULL,NULL,NULL,'No digitized record file in reports. Recorded together with Poieni 1.','','The ruins are in a good state of preservation. The interior was not affected by further interventions. The walls were built of local stone in the opus incertum technique. Subsequent interventions consist of two archaeological surveys.',NULL,'brittaburkhardt@gmail.com','2018-05-27 08:45:58','2018-05-28 08:25:52','RO178','-','','Public property','Poieni Town Hall','','','',NULL,'hill side and forest','Crișul Repede river','-','','The forested slope that descends from the top of the Horhizu Hill (Horhizu) to the valley (it joins downstream the Vărădeşti Valley).',' 45/5000 A segment of DN1-E60 in Poieni.','The forested valley that borders Horhizu Hill, until it joins the Vărădeşti Valley and continues with the latter.','The forest ridge that passes north of the tower on Horhis Hill (Carpun)','',NULL,'','','','','','','','','','','','','','',NULL,'','','MNIT','',1,NULL,'','','','',''),(27,'Poieni','Poieni',7,NULL,'Poieni - Cetățeaua','Cetățeaua','Romania',NULL,'','CJ-I-m-A-06976.12','',NULL,'3, 50 m','3, 50 m','0.80 m (remaining walls)','','presupuse','29 / 77 square metre','The small structure is located at approx. 650 m E from the Crişul Repede River, approx. 365 m SE of Valea Vărădeştilor and approx. 375 m N from the Valley of Anti, which abruptly separates Horhiș Hill (Horhizu) from Cetăţea Hill (Cetăţuia).\r\nBeside this tower a segment of the earth rampart is visible, which is presumed to be a part of the border system of this area, starting from the burgus of Poieni.The structure It is related to the towers of Poieni 1-2, Dosu Marcului, Horhis-Carpun, Râmbuşoi, Cornii Hill, Sonului and Magura Bologii. It is therefore one of the best placed towers connecting the Valea Crişului with the other towers that do not directly observe this area.\r\nPoieni Cetățeaua can be described as an approximately square enclosure with 0.80 m thick stone walls (opus incertum); with a very large quantity of mortar  used in the wall fabric. Inside there is a lack of archaeological evidence showing habitation. Archaeological material (quite poor) was discovered all over the tower and around it. Recent geophysical measurements weren’t able to confirm that Poieni Cetateaua functioned as  a military installation or not. It is more than obvious that we are dealing with the remaining Roman structure, but  research cannot yet give an exact assignment for its function.','','c. 106 - 270',NULL,1,NULL,NULL,NULL,NULL,'excavated, with two subsequent archaeological surveys were carried out in 2016.',' national or universal value','Small, well preserved structure. It was excavated. The structure was dug by treasure hunters. Though having well preserved walls, with an elevation of up to 0.8 m, the tower was heavily damaged, causing difficulty in the correct interpretation of the presence or lack of finds.',NULL,'brittaburkhardt@gmail.com','2018-05-27 09:22:50','2018-05-28 08:27:14','RO176','59050.03 ','59050','Public property','Poieni Town Hall','','','',NULL,'hillside and forest','Crișul Repede river','Demolition layer. The walls were built of local stone in the opus incertum technique.','N. Gudea 1970ies','Steep deforested pasture starting at NE from the river valley mentioned hereinabove valley, crossing the ridge of the hill Horhiş (Horhizu) and reaching the valley of Anti (forest).','Line of houses east of DN1-E60 in village Poieni.','The forested valley that borders Horhis Hill (Horezu) until it joins the Vărădeştilor Valley and continues with the latter.','Anti valley','',NULL,'','','','','','','','','','','4','4','4','',NULL,'-','-','','few finds',1,NULL,'Legea nr. 182/2000 privind protejarea patrimoniului cultural național mobil','','Ordinul ministrului culturii şi cultelor nr. 2.314/2004; Ordonanța nr. 43/2000 privind protecția patrimoniului arheologic și declararea unor situri arheologice ca zone de interes național','','4'),(28,'Poieni','Poieni',7,NULL,'Poieni - rampart segment','Dâmbul Vărădeștilor / Dealul Țiganilor / Într-a Satului','Romania',NULL,'','CJ-I-m-A-06976.13','',NULL,'','200 m ','20 m','','partial_distrus','0,3 ha','The vallum consists of compacted soil and is in good condition for preservation, although, on a length of approx. 200 m it was destroyed by the dwellings in the area. It has a very wide width, sometimes over 20 m, and is observable on a height which in some places exceeds 4 m. According to research, it is believed the vallum stretched along a longer segment starting with Crişul Repede valley, from the burgus of Poieni (covered by contemporary structures today) all the way to  Horhiş hill and Cetățeaua watchtower, situated north.','','c. 106 - 270',NULL,3,NULL,NULL,NULL,NULL,'The large rampart of the Poieni valley was first observed by Torma K. in the nineteenth century',' national or universal value','The lower end (NE) of the ramp is truncated by the Vărădeştilor Valley. On larger sectors, the vallum is destroyed by current dwelling forms (dug unto the Roman structure) or the former dirt road. There are also quite significant areas where the structure of the vallum is well preserved.',NULL,'brittaburkhardt@gmail.com','2018-05-27 10:22:10','2018-05-28 08:29:48','RO181','59050.04.01','59050','Mixt (Public-Private) Poieni town hall.','Poieni Town Hall','E60, Poieni','','',NULL,'hilltop','Crișul Repede river','Stratigraphy appears to be geological (or archaeologically sterile) .','1970ies Șt. Ferenczi și N. Gudea ','Forested slope of the Horhis Hill that descends to  Vărădeşti Valley.','A segment of the DN1-E60 and village of Poieni','Vărădeștilor valley','Forested hilltop of the Horhis Hill, descending towards NE with a path to the village','',NULL,'','','','','','','','','','5','','','','',NULL,'','','MNIT','',1,NULL,'Legea nr. 182/2000 privind protejarea patrimoniului cultural național mobil','','Ordinul ministrului culturii şi cultelor nr. 2.314/2004; Ordonanța nr. 43/2000 privind protecția patrimoniului arheologic și declararea unor situri arheologice ca zone de interes național','5',''),(29,'','Negreni',13,NULL,'Negreni Poiana La Arbore',' Poiana la (în) arbore','Romania',NULL,'','SJ-I-s-B-04926','',NULL,'','','','','','0,31 ha',' The remaining structure of the burgus is spherical, but very flattened. The surrounding ditch is barely visible on the southern and eastern sides. An old forest road intersects the structure of the tower, truncating the western side. On the south side there is another trench-shaped intervention. RO088 is not the same as burgus from Negreni - Cimpoca/Gropoi  in written reports','','c. 106 - 270',NULL,4,NULL,NULL,NULL,NULL,'','representative for the local cultural heritage','Largely destroyed, without documentation. On the south side of the ruins there is another intervention, which is most probably the result of a former archaeological excavation from the 70s.',NULL,'brittaburkhardt@gmail.com','2018-05-27 12:48:08','2018-05-30 16:13:38','RO088','141660.03','-','Public property','','','-','',NULL,'forest','','','','forest','-','forest','-','',NULL,'','','','','','','','','','','','','','',NULL,'','','',' de verificat literatura',1,NULL,'Legea nr. 182/2000 privind protejarea patrimoniului cultural național mobil','','Ordinul ministrului culturii şi cultelor nr. 2.314/2004; Ordonanța nr. 43/2000 privind protecția patrimoniului arheologic și declararea unor situri arheologice ca zone de interes național','',''),(30,'','Brusturi',13,NULL,'Certiae - Brusturi','La ruine','Romania',NULL,'','SJ-I-s-A-04859','',NULL,'225 m','187 m ','','','','4, 20 ha','The ruins are located near the village and the valley of the river Agrij, without any over layering constructions,  but the whole surface is used as an agricultural land. There are almost no traces of the Roman structure at the surface, except for one of the gates.The ruins appear as rectangular form, with the edges raised approx. 0.5 m from the surrounding terrain, especially on the area of the gates. There is an abundance of archaeological material.','','c. 106 - 270',NULL,2,NULL,NULL,NULL,NULL,' In the 1970s and 1990s excavations were carried out at the praetoria and the thermae located outside the fortification. There were no further interventions.',' national or universal value','The Retentura is truncated by a modern canal (1970).',NULL,'brittaburkhardt@gmail.com','2018-05-27 12:55:28','2018-05-28 08:33:44','RO140','14716.01 ','140716','Private','Multiple','-','51140','-',NULL,'grassland','Agrij valley','Two construction phases: earth and thimber; stone phase (225x187 m)','(1970-4) E. Chirilă, (1996-7) Al. V. Matei and I. Bajusz ','','','','','',NULL,'','','','','','','','','','','4','','','',NULL,'','','',' de verificat literatura',1,NULL,'Legea nr. 182/2000 privind protejarea patrimoniului cultural național mobil','','Ordinul ministrului culturii şi cultelor nr. 2.314/2004; Ordonanța nr. 43/2000 privind protecția patrimoniului arheologic și declararea unor situri arheologice ca zone de interes național','5',''),(31,'','Cășeiu',7,NULL,'Samum - Cășeiu','Cetățele / Drumul cel bătrân','Romania',NULL,'','CJ-I-s-B-06996','',NULL,'265 m','165 m','','','','2, 72 ha','The site is located on the Somes Valley, close to the river, on a distinct elevation. Surrounded by agricultural land, the fort isn’t over laid by any modern buildings.  The ruins appear as a well-defined rectangle with raised edges approx. 1.5 m from the surrounding area. Archaeological material is abundant.Two phases of construction have been identified: the earth and timber phase (265x165 m) and the stone phase (265x165 m).','','c. 106 - 270',NULL,2,NULL,NULL,NULL,NULL,'Excavations took place in the interwar period and later in the 1980s. There was no further modern intervention or other activities resulting affecting the component part.','representative for the local cultural heritage','Apart from The E side, corresponding to the praetoria gate in danger due to the extension of the present cemetery of the village, there is no other urgent factor effecting the component.',NULL,'brittaburkhardt@gmail.com','2018-05-27 13:01:00','2018-05-28 08:42:53','RO077','56675.02','56675','Public property','Cășeiu town hall','','-','',NULL,'meadow','Someş\'s confluence with the Sălătruc River','Two construction phases: earth and thimber; stone phase ','(1925-1926) E. Panaitescu; (1980, 1983-2002) D.Isac','property limit','Someș river','Sălătruc creek','property limit','',NULL,'','','','','','','','','','','','3','4','',NULL,'','','MNIT',' de verificat literatura',1,NULL,'Legea nr. 182/2000 privind protejarea patrimoniului cultural național mobil','','Ordinul ministrului culturii şi cultelor nr. 2.314/2004; Ordonanța nr. 43/2000 privind protecția patrimoniului arheologic și declararea unor situri arheologice ca zone de interes național','5',''),(32,'Uriu','Ilisua',4,NULL,'Arcoba(da)ra - Ilisua','Vicinal','Romania',NULL,'','BN-I-s-A-01354','',NULL,'140 m / 182 m','135 m / 181 m','','','','3.31 ha','The ruins appear as a well-defined rectangular form, with the edges very slightly raised to the surrounding terrain. Archaeological materials appear in abundance. Part of the Retentura is covered by a contemporary household.\r\nResearch identified three construction phases: one earth and timber phase (140x135 m) and two phases of stone (182x181 m).','teren_arabil','c. 106 - 270',NULL,2,NULL,NULL,NULL,NULL,'Archaeological excavations have been carried out since the nineteenth century until recently',' national or universal value','The archaeological remains are well preserved, a quarter of the surface of the fort being over layered by current buildings. The rest of the site is agricultural land, exploited annually. Except for the archaeological excavations, there were no other interventions which could have altered the ruins.',NULL,'brittaburkhardt@gmail.com','2018-05-27 14:43:54','2018-05-28 08:45:26','RO025','35303.02 ','35303','Private','Multiple','Village Ilişua, near the former Torma family residence','25954','',NULL,'high terrace','Ilisua valley','3 construcion phases','(1858-1862) C. Torma; (1978-1997) D. Protase, C. Gaiu, G. Marinescu','property limit','Ilisua valley','Ilisua valley','property limit','',NULL,'','','','','','','','','','','','5','','',NULL,'','','MNIT','',1,NULL,'Legea nr. 182/2000 privind protejarea patrimoniului cultural național mobil','','Ordinul ministrului culturii şi cultelor nr. 2.314/2004; Ordonanța nr. 43/2000 privind protecția patrimoniului arheologic și declararea unor situri arheologice ca zone de interes național','5',''),(33,'Horoatul Crasnei',' hamlet Poic near the village of Hurez (Ponița) or',7,NULL,'Poic ',' La Arie / Vânători ?','Romania',NULL,'','-','',NULL,'30 m','29 m','','','presupuse','480,87 square metre','The component part is situated east of the lower houses of hamlet Poic, southeast of the road leading to Mesteacăn, on a slope on the left bank of Poic Creek, about 300 m away. The traces of the burgus are still visible today, although covered with vegetation and saplings. It has a quadrilateral shape marked by 2 earth ramps and an surrounding ditch. The entire structure has approximately 30 x 29 m in surface and 0.50 m in height.The site features a burgus-like average size fortification typical for passes or gorges, where low heights allow easier passing. The burgus belongs to the well organized subsector of the limes,  in the forefront of Bologa military camp, which ranges from Poic to the  Crişului Repede valley and is positioned far behind the mountain ridge. The burgus makes a good visual link with watchtowers \"Cornu Vlaşinului 1\" and \"Cornu Vlaşinului 2\" (Vânători Village) to the south and with the towers on \"Gyuri Hill\" (Poic Village) and \"Cozlii Hill\" (Huta Village) to the north.','','c. 106 - 270',NULL,4,NULL,NULL,NULL,NULL,'1984  N. Gudea made the first detailed observations and excavation ','','Since the 80s the structures were invaded by young  saplings and vegetation and are somewhat more difficult to detect (apparently more flattened or concealed by abundant vegetation).',NULL,'brittaburkhardt@gmail.com','2018-05-28 09:25:01','2018-05-28 09:25:01','RO189','141544.03','141553','Unidentified','Unidentified','-','-','-',NULL,'Terrace ','Poic creek','-','(1984) N. Gudea','forest','forest','Poic valley','forest','',NULL,'','','','','','','','','','','5','','','',NULL,'-','-','','Ceramic and plaster fragments ',1,NULL,'-','','Ordinul ministrului culturii şi cultelor nr. 2.314/2004; Ordonanța nr. 43/2000 privind protecția patrimoniului arheologic și declararea unor situri arheologice ca zone de interes național','',''),(34,'Creaca','Ciglean ',13,NULL,'Ciglean','La Fundătură','Romania',NULL,'','SJ-I-m-B 04911.02','',NULL,'15 m','15 m','2 m','20-22 m','presupuse','166,34 square metre','The component part is located on the top of a plateau at a  place called \"La Fundatura\" north of the village of Ciglean at 400 m altitude. The ruins have the shape of a mid deepened tall spherical quay. Stone material from the demolition layer of the walls is obvious, as well as ditch surrounding all sides of the watchtower. In fact, tangent with this tower a vallum  segment is also visible, probably part of the boundary system of this area and which is very well preserved to the east, on the slope descending to Prodănesti locality. It is one of the best placed towers connecting Porolissum and Someș Valley, the Northern frontier sector.The watchtower is of considerable size, with  15 x 15 m, being extremely visible on the field.It has a good connection with the fort of Porolissum (as well as towers of the High Hill 1-2-3) and the limes segment that leads to the fort of Tihău through Tărăboilor Hill (Var village) and the vallum from Prodănesti.','','c. 106 - 270',NULL,1,NULL,NULL,NULL,NULL,'-','representative for the local cultural heritage','The structure is well preserved,and has specific features such as a hump-shaped enclosure deepened in the middle, with a noticeable ditch surrounding it.',NULL,'brittaburkhardt@gmail.com','2018-05-28 09:56:25','2018-05-28 11:38:53','RO104','139820.03.01','140725','Private','Unknown','-','-','-',NULL,'Plateau','Cigleanului valley','-','-','agricultural plots','acres','the edge of a forest and of an orchard','acres','',NULL,'','','','','','','','','','','','4','','',NULL,'-','-','','',1,NULL,'Legea nr. 182/2000 privind protejarea patrimoniului cultural național mobil','','Ordinul ministrului culturii şi cultelor nr. 2.314/2004; Ordonanța nr. 43/2000 privind protecția patrimoniului arheologic și declararea unor situri arheologice ca zone de interes național','5',''),(35,'Surduc','Tihău',13,NULL,'Tihău','Cetate / Grădiște','Romania',NULL,'','SJ-I-s-A-04970','',NULL,'144 m','129 m','','','','17943 square metre','The camp is located 500 m north-west from Brigley valley outside the village on a plateau, a former agricultural land currently not used. The vallum of the fort is visible in certain circumstances, as its position and the general planimetry of the fort.Both the earth and timber phase and the stone phase is well documented. The earth and timber phase is built immediately after the conquest made by the Legion XIII Gemina (confirmed by the inscription: CIL III, 6248). The stone fort is probably built by the I Cannanefatium cohors who settled here at the beginning of the 2nd century AD. The fort has a size of 129x 144 m.','','c. 106 - 270',NULL,2,NULL,NULL,NULL,NULL,'The interior area of  the fort is known by way of the research conducted in 1958 and 1997 and mostly thanks to the geophysical surveys of made in 1999 by a Dutch team led by J.K. Haalebos,  locating all the main architectural structures.',' national or universal value','there are no other interventions or constructions on the site. The camp is preserved on most of its surface, however, repeated agricultural activities threatened to affect to effect the edges of the structure.',NULL,'brittaburkhardt@gmail.com','2018-05-28 11:49:51','2018-05-28 12:17:46','RO099','142836.02 ','142836','Public property','Surduc town hall','-','-','-',NULL,'Plateau','Briglez valley','Two construction phases: earth and thimber; stone phase ','(1958 published in 1961) M. Macrea, D. Protase, M. Rusu (1997) C. Opreanu','108B road','road parallel with 108b','district limit','ridge of forest and agricultural plots','',NULL,'','','','4','','','','','','','','5','','',NULL,'yes ','yes ','MNIT',' de verificat literatura',1,NULL,'Legea nr. 182/2000 privind protejarea patrimoniului cultural național mobil','','Ordinul ministrului culturii şi cultelor nr. 2.314/2004; Ordonanța nr. 43/2000 privind protecția patrimoniului arheologic și declararea unor situri arheologice ca zone de interes național','5','4'),(36,'Ileanda ','Rogna',13,NULL,'Rogna','La Bontauă','Romania',NULL,'','SJ-I-s-B-04951 ','',NULL,'5 m','5 m','0, 3-0, 4 m','','','208.36 square metre','The tower is positioned on a meadow very close to the river Someș, on a western terrace. From this position, there is a good visibility to both the Cormeniș - Poiana lui Arbore watchtower, as well as to the \"supposed\" tower located at \"Dealul Mesteacănului\". Access is easy, it can be done from the road that starts at the local church.The tower is quadrilateral,with dimensions of 5 x 5 m, with a preserved elevation of approx. 0.3 to 0.4 m. The tower\'s ditch is merely slightly visible. The walls are built in opus incertum technique, using local limestone and have athickness of 70 cm. There are traces of limestone exploitation near the tower. The structures is covered by abundant vegetation.','','c. 106 - 270',NULL,1,NULL,NULL,NULL,NULL,'I. Ferenczi excavated the ruins of the tower to determine its structure. He observed the watchtower having 10 m in diameter, with the sides elevated with 0.5 - 0.6 m. He also discovered a significant amount of Roman ceramic material, plain ware. In 1981-1982 the structure was also dug by I. Bajusz, but he did not publish the results, the surveys are mostly visible on the western side.','representative for the local cultural heritage','Partly preserved, left uncovered after the archaeological excavation. The anthropogenic of the structure has compromised the authenticity to a point, especially in terms of construction and planimetry.',NULL,'brittaburkhardt@gmail.com','2018-05-28 12:35:21','2018-05-28 13:14:25','RO085','141704.06.01 ','141704','Private','Unidentified','-','-','-',NULL,'Meadow','Someș river',' -','(19??I. Ferenczi (1981-82) I. Bajusy','agricultural plots','contour of the road that crosses the agricultural properties','Someș river','road at the end of the district','',NULL,'','','','','5','','','','5','','5','5','','',NULL,'-','yes','','ceramic material',1,NULL,'Legea nr. 182/2000 privind protejarea patrimoniului cultural național mobil','','Ordinul ministrului culturii şi cultelor nr. 2.314/2004; Ordonanța nr. 43/2000 privind protecția patrimoniului arheologic și declararea unor situri arheologice ca zone de interes național','',''),(37,'','',NULL,NULL,'Podișu','','Romania',NULL,'','SJ-I-s-B-04937','',NULL,'-','-','-','','','480.87 square metre','Located in the village, one of the houses seems to have been built over the southeast corner of the fortification – the remaining structure was identified and located in the back yard of said residence.The placement of the coincides with the termination of the frontier segment belonging to Tihău fort and the jurisdiction of its garrison (cohors I Cannanefatium).','','c. 106 - 270',NULL,4,NULL,NULL,NULL,NULL,'Non-archaeological digs performed on the property of Al. Pocol in the years 1939-1940, accompanied by subsequent observations made by Ferenczi highlighted the presence of abundant archaeological material, as well as two parallel \"flat\" ramparts observed on the adjacent properties, launching the hypothesis of a burgus or fortlet. ','representative for the local cultural heritage',' 70% of this land is compromised by annual plowing.The structures is affected modern buildings and agricultural activities. Parts of the wall have been removed when digging foundations',NULL,'brittaburkhardt@gmail.com','2018-05-28 13:26:06','2018-05-28 14:00:31','RO086','141688.03.01 ','141688','Private','Unidentified','village Podişu, Ileanda, no. 70, 71, 72, 73, 74','-','-',NULL,'Terrace ','river Someș','-','Researched in the 1970s aparrently ','','','','','',NULL,'','','','','','','','','','','4','5','','',NULL,'-','-','MNIT','bricks, olans, shaped stone and traces of walls',1,NULL,'Legea nr. 182/2000 privind protejarea patrimoniului cultural național mobil','','Ordinul ministrului culturii şi cultelor nr. 2.314/2004; Ordonanța nr. 43/2000 privind protecția patrimoniului arheologic și declararea unor situri arheologice ca zone de interes național','5',''),(38,'Câțcău','Muncel',7,NULL,'Muncel','Cămăruța','Romania',NULL,'','Propunere pentru clasare','',NULL,'-','-','-','','','38 square metre','The tower is part of the Ileanda-Căşeiu limes sector, namely the \"subsector\" Fălcuşa-Ileanda. The tower has a visual and acoustic connection with the important towers of Fălcuşa - \"Cărămidă\" to the north, respectively the \"Tigla\" to the east-southeast. The tower is located on a possibly  man-made land formation at the western foot of Dumbrăvita Hill. The ruins seem to be circular form, flattened with a little deepening in the middle, covered by increased vegetation. On site, specialists observed pieces of local stone (sandstone) and fragments of daub scattered over the surface, s well as on the southern side the traces of the ditch (an approximate width of 2 m).','pasune','c. 106 - 270',NULL,1,NULL,NULL,NULL,NULL,'I. Ferenczi mentions a survey in which he discovered pottery and chirpic. He also mentions that the wall was completely robbed or reused by the villagers of Muncel as construction material. Survey of I. Ferenczi was executed on the north side of the tower ( 4 x 1.5 m width)','','very poorly preserved',NULL,'brittaburkhardt@gmail.com','2018-05-29 09:17:34','2018-05-29 10:26:09','RO065','Propunere pentru clasare','57332','Private','Unidentified','','-','-',NULL,'hill side and forest','Muncel Valley','-',' (1991) I. Ferenczi ','the road that leaves Muncel, the perimeter line crossing a series of agricultural parcels','forest road currently used','forest road currently used','the slopes of a young forest and a series of agricultural parcels','',NULL,'','4','','5','','','','','','','','4','','',NULL,'-','-','','stone and daub',1,NULL,'','','','5',''),(39,'Poiana Blenchii','Fălcușa',13,NULL,'Fălcușa 2','Muchia Poienii Lupului','Romania',NULL,'','SJ-I-m-B 04892.01','',NULL,'-','-','-','12 m','','172 square metre','The tower is part of the Ileanda-Căşeiu limes sector, namely the \"subsector\" Fălcuşa-Ileanda. The tower has a visual and acoustic connection with the important towers of Fălcuşa - \"Cărămidă\" to the north, respectively the \"Tigla\" to the east-southeast. Along with the structure from Muncel tower – Comoruta (situated about 500-600 m west) the watchtower from Flăcușa corroborates the strategic and tactical importance of the relatively low seated passage which facilitated the road from Poienii and Fălcuşă Valley to Câtcău and Coplean localities, situated near the Roman fort of Samum (Căşeiu).The tower is located on one of the slopes of the geomorphologic system north of Somesul Mare, and has the shape of a tall spherical quay, with a diameter of approx.. 12 m at the base. The surrounding rampart and ditch (2,5 m) is quite visible, the latter obvious on the west-southwestern side.','','c. 106 - 270',NULL,1,NULL,NULL,NULL,NULL,'This projection is recorded by Ferenczi as a single tower, which operated earlier then Muncel (?)','representative for the local cultural heritage','The ruins of the tower are very flattened',NULL,'brittaburkhardt@gmail.com','2018-05-29 09:20:01','2018-05-29 11:12:33','RO064','142391.01.01 ','142391','Private','Unidentified','','-','-',NULL,'Terrace ','Săci Valley','-','(1991). I. Ferenczi','road crossing the area with agricultural plots','forest edge','limit of the forest from Fălcușa','a young forest and a road that goes to Fălcuşa','',NULL,'','','','','','','','','','','4','','4','',NULL,'-','-','',' de verificat literatura',1,NULL,'Legea nr. 182/2000 privind protejarea patrimoniului cultural național mobil','','Ordinul ministrului culturii şi cultelor nr. 2.314/2004; Ordonanța nr. 43/2000 privind protecția patrimoniului arheologic și declararea unor situri arheologice ca zone de interes național','5',''),(40,'Spermezeu','Sita',4,NULL,'Sita','Casa Urieșilor','Romania',NULL,'','BN-I-m-B-01401.02','',NULL,'-','-','-','13, 5 m','sigure','134,55 square metre','The component part is situated along the line of slopes between Spermezeu and Zagra, at  the place called \"House of the Urieșilor (Giants)\" or \" Capul Dealului\". From this watch-point you can see the big tower on the \"Poniţa\" from Ciceu-Corabia (in line about 21 km) and the presumed tower from \"Măgura Brezei\", as well as to the east you can see the towers of \"Paltinis\"; \"Corobană\" and \"Comoara\" from Perişor and \"Vârful of Zgâu\" in the vicinity of the settlement of Zagra.\r\nThe tower has a diameter of 13.5 m, suggesting it must have been an important, robust tower along this segment of the limes.\r\n','','c. 106 - 270',NULL,1,NULL,NULL,NULL,NULL,'I. Ferenczi had recoreded the site after conducting field investigations','representative for the local cultural heritage','The ruins are in a good state of preservation, without any sign of intervention.Very well preserved, on site the circular stone structure is effortlessly detected. ',NULL,'brittaburkhardt@gmail.com','2018-05-29 09:23:23','2018-05-29 12:04:03','RO039','34592.02.01 ','34592','Private','Unidentified','','-','-',NULL,'hilltop','Dumbrăvița valley','','(1976) I. Ferenczi','a forest road, currently used','the limit crosses an open field and a forest','limit of the forest','the boundary of the area crosses the field','',NULL,'','','','','','','','','','','','4','4','',NULL,'-','-','MNIT',' de verificat literatura',1,NULL,'Legea nr. 182/2000 privind protejarea patrimoniului cultural național mobil','','Ordinul ministrului culturii şi cultelor nr. 2.314/2004; Ordonanța nr. 43/2000 privind protecția patrimoniului arheologic și declararea unor situri arheologice ca zone de interes național','',''),(41,'Livezile','Livezile',4,NULL,'Livezile','Poderei','Romania',NULL,'','BN-I-s-A-01361','',NULL,'190 m / 203 m','130 m / 144 m','','','','8342,4 square metre','The site is located on a terrace left of the E58, Bistrita-Vatra Dornei road, situated north of current day settlement Livezile, on the right bank of the Bistrita River at the foot of the Bârgăului Mountains.\r\nThe strategic position of the fort is quite ideal when considering it is situated 12 km in a straight line, north of the Roman fort  of Orheiul Bistriței\r\n','','c. 106 - 270',NULL,10,NULL,NULL,NULL,NULL,'Small-scale excavations were made in the 60s',' national or universal value','The camp is located in the backyard of the village houses, though the land is used mainly for grazing. There are no permanent structures on the site. Except an evangelical cemetery covers a small part of south-east corner of the fort. Jeopardized state of preservation du to permanently being affected agricultural works and presence of metal detection.',NULL,'brittaburkhardt@gmail.com','2018-05-29 09:41:16','2018-06-01 17:00:54','RO050','33550.01 ','33550','Private','Unidentified','','26318, 26309, 26308','',NULL,'Terrace ','Bistrița river and Iad valley','one construction phase identified: earth and timber ','(1960-1961) D.Protase, Șt. Dănilă','dge of agricultural plots and an extension of the DC-6A','a series of orchards','road crossin agricultural plots','road DN-17 that crosses Livezile','',NULL,'','','','','','','','','','','','5','5','',NULL,'-','-','MNIT',' de verificat literatura',1,NULL,'Legea nr. 182/2000 privind protejarea patrimoniului cultural național mobil','','Ordinul ministrului culturii şi cultelor nr. 2.314/2004; Ordonanța nr. 43/2000 privind protecția patrimoniului arheologic și declararea unor situri arheologice ca zone de interes național','3',''),(42,'Letca','Cozla',13,NULL,'Valea Rea 1','Coama pietrar','Romania',NULL,'','','',NULL,'','','','','','','','','',NULL,NULL,NULL,NULL,NULL,NULL,'','','',NULL,'brittaburkhardt@gmail.com','2018-06-03 15:27:39','2018-06-03 15:27:39','RO082','','','','','','-','-',NULL,'','','','','','','','','',NULL,'','','','','','','','','','','','','','',NULL,'','','MNIT','',NULL,NULL,'','','','','');
/*!40000 ALTER TABLE `sectors` ENABLE KEYS */;
UNLOCK TABLES;

--
-- Table structure for table `users`
--

DROP TABLE IF EXISTS `users`;
/*!40101 SET @saved_cs_client     = @@character_set_client */;
/*!40101 SET character_set_client = utf8 */;
CREATE TABLE `users` (
  `id` bigint(20) NOT NULL AUTO_INCREMENT,
  `username` varchar(255) NOT NULL DEFAULT '',
  `email` varchar(255) NOT NULL DEFAULT '',
  `encrypted_password` varchar(255) NOT NULL DEFAULT '',
  `role` varchar(255) NOT NULL DEFAULT '',
  `reset_password_token` varchar(255) DEFAULT NULL,
  `reset_password_sent_at` datetime DEFAULT NULL,
  `remember_created_at` datetime DEFAULT NULL,
  `sign_in_count` int(11) NOT NULL DEFAULT '0',
  `current_sign_in_at` datetime DEFAULT NULL,
  `last_sign_in_at` datetime DEFAULT NULL,
  `current_sign_in_ip` varchar(255) DEFAULT NULL,
  `last_sign_in_ip` varchar(255) DEFAULT NULL,
  `created_at` datetime NOT NULL,
  `updated_at` datetime NOT NULL,
  PRIMARY KEY (`id`),
  UNIQUE KEY `index_users_on_username` (`username`),
  UNIQUE KEY `index_users_on_email` (`email`),
  UNIQUE KEY `index_users_on_reset_password_token` (`reset_password_token`)
) ENGINE=InnoDB AUTO_INCREMENT=5 DEFAULT CHARSET=utf8;
/*!40101 SET character_set_client = @saved_cs_client */;

--
-- Dumping data for table `users`
--

LOCK TABLES `users` WRITE;
/*!40000 ALTER TABLE `users` DISABLE KEYS */;
INSERT INTO `users` VALUES (1,'Angie Lumezeanu','angie.lumezeanu@gmail.com','$2a$11$TGOsbaKNYDx0Dy8ww/q.R.3pI0BqBj8uB6Z6Y2slffdgMqNh.9Bpe','administrator',NULL,NULL,'2018-05-08 12:52:29',41,'2019-02-06 10:17:55','2019-02-06 09:52:34','5.2.198.37','127.0.0.1','2017-11-29 13:01:37','2019-02-06 10:17:55'),(2,'George ','george.cupcea@mnit.ro','$2a$11$l557EfcUq.YBKuxM/GSm9u50A//x9.dLEv5A3PVmM8M4GHvwmEXd6','administrator',NULL,NULL,NULL,6,'2019-01-28 12:09:15','2019-01-22 18:07:52','193.226.5.179','93.122.250.115','2017-12-11 11:22:31','2019-01-28 12:09:15'),(3,'Norbert','szeredai.norbert@gmail.com','$2a$11$SyfmdKg3QCSGDbv2VZ.2wuCUgSF0uKLq6pcldygy1K3WoMwF4T1nO','administrator',NULL,NULL,NULL,6,'2018-06-20 07:18:29','2018-03-04 19:47:11','178.138.33.33','83.103.155.212','2017-12-11 11:45:13','2018-06-20 07:18:29'),(4,'Britta','brittaburkhardt@gmail.com','$2a$11$94EJvnI3cCMAGOpDUYq2iuS.mjo65t8/UXAAcbnpiByiHLQ9EUxYK','administrator',NULL,NULL,NULL,1,'2018-05-25 06:58:14','2018-05-25 06:58:14','89.137.124.91','89.137.124.91','2018-05-24 10:43:29','2018-05-25 06:58:14');
/*!40000 ALTER TABLE `users` ENABLE KEYS */;
UNLOCK TABLES;

--
-- Table structure for table `wholes`
--

DROP TABLE IF EXISTS `wholes`;
/*!40101 SET @saved_cs_client     = @@character_set_client */;
/*!40101 SET character_set_client = utf8 */;
CREATE TABLE `wholes` (
  `id` bigint(20) NOT NULL AUTO_INCREMENT,
  `degree` varchar(255) DEFAULT NULL,
  `description` varchar(255) DEFAULT NULL,
  `created_at` datetime NOT NULL,
  `updated_at` datetime NOT NULL,
  PRIMARY KEY (`id`)
) ENGINE=InnoDB DEFAULT CHARSET=utf8;
/*!40101 SET character_set_client = @saved_cs_client */;

--
-- Dumping data for table `wholes`
--

LOCK TABLES `wholes` WRITE;
/*!40000 ALTER TABLE `wholes` DISABLE KEYS */;
/*!40000 ALTER TABLE `wholes` ENABLE KEYS */;
UNLOCK TABLES;
/*!40103 SET TIME_ZONE=@OLD_TIME_ZONE */;

/*!40101 SET SQL_MODE=@OLD_SQL_MODE */;
/*!40014 SET FOREIGN_KEY_CHECKS=@OLD_FOREIGN_KEY_CHECKS */;
/*!40014 SET UNIQUE_CHECKS=@OLD_UNIQUE_CHECKS */;
/*!40101 SET CHARACTER_SET_CLIENT=@OLD_CHARACTER_SET_CLIENT */;
/*!40101 SET CHARACTER_SET_RESULTS=@OLD_CHARACTER_SET_RESULTS */;
/*!40101 SET COLLATION_CONNECTION=@OLD_COLLATION_CONNECTION */;
/*!40111 SET SQL_NOTES=@OLD_SQL_NOTES */;

-- Dump completed on 2019-10-25 10:05:13
